-- India Budget Seed Data generated from pipeline
-- Ministries: 10
-- Departments: 20
-- Schemes: 50
-- BudgetAllocations, Outputs, Outcomes, Scores: 150 each (across 3 years)

INSERT INTO "Ministry" ("id", "name", "shortCode", "color", "sector", "createdAt", "updatedAt") VALUES
('3acba06cfd1bb829f92e64bb1a7b3241', 'Ministry of Rural Development', 'MoRD', '#16a34a', 'AGRICULTURE', NOW(), NOW()),
('ac31e6b9d46153575425140dbb70c2d3', 'Ministry of Health and Family Welfare', 'MoHFW', '#dc2626', 'HEALTH', NOW(), NOW()),
('f9476ebb0699902d698677e2741dd894', 'Ministry of Agriculture & Farmers Welfare', 'MoAFW', '#10b981', 'AGRICULTURE', NOW(), NOW()),
('f1f1f782fcf0c1aabe3f43b24894adb6', 'Ministry of Jal Shakti', 'MoJS', '#2563eb', 'INFRASTRUCTURE', NOW(), NOW()),
('5a9cd8b007733465acf90056aa4e759c', 'Ministry of Education', 'MoE', '#8b5cf6', 'EDUCATION', NOW(), NOW()),
('cb18a1af896e958cb2133eb82684a648', 'Ministry of Finance', 'MoF', '#eab308', 'FINANCE', NOW(), NOW()),
('525930c7ad0bccece9ba07a2128a64d0', 'Ministry of Defence', 'MoD', '#475569', 'DEFENCE', NOW(), NOW()),
('bd8a1bdc01827193889e256fe96b9d0c', 'Ministry of Road Transport and Highways', 'MoRTH', '#64748b', 'INFRASTRUCTURE', NOW(), NOW()),
('ae3485ee447eba039fd65b477123d29d', 'Ministry of Women and Child Development', 'MoWCD', '#ec4899', 'HEALTH', NOW(), NOW()),
('e7eaef141400e12b7cb1c213811daca9', 'Ministry of Housing and Urban Affairs', 'MoHUA', '#f97316', 'INFRASTRUCTURE', NOW(), NOW());

INSERT INTO "Department" ("id", "name", "ministryId", "createdAt", "updatedAt") VALUES
('33954e69a38ee2792670ae4069aa85a4', 'Department of Rural Development', '3acba06cfd1bb829f92e64bb1a7b3241', NOW(), NOW()),
('32961e4f339e8471dd76dcb4312ff452', 'Department of Land Resources', '3acba06cfd1bb829f92e64bb1a7b3241', NOW(), NOW()),
('b9be31a748be560dea3dc47d5a2b9e91', 'Department of Health and Family Welfare', 'ac31e6b9d46153575425140dbb70c2d3', NOW(), NOW()),
('f4f11f2d8e78da135d43a72e4b883c67', 'Department of Health Research', 'ac31e6b9d46153575425140dbb70c2d3', NOW(), NOW()),
('b878fa047563137fd6a5aaaeaa6730c2', 'Department of Agriculture and Farmers Welfare', 'f9476ebb0699902d698677e2741dd894', NOW(), NOW()),
('345420b69046bd0899e6521ea4b82e70', 'Department of Agricultural Research and Education', 'f9476ebb0699902d698677e2741dd894', NOW(), NOW()),
('5cbef42ed5fe9f9df2ede76ed3522467', 'Department of Drinking Water and Sanitation', 'f1f1f782fcf0c1aabe3f43b24894adb6', NOW(), NOW()),
('12d77e3ba53256d8a4b8e2067521403b', 'Department of Water Resources, RD & GR', 'f1f1f782fcf0c1aabe3f43b24894adb6', NOW(), NOW()),
('1ca42ddc0da64284211fc8d0cb946ff8', 'Department of School Education and Literacy', '5a9cd8b007733465acf90056aa4e759c', NOW(), NOW()),
('c8d93e30cf393dc532f5ef859674207e', 'Department of Higher Education', '5a9cd8b007733465acf90056aa4e759c', NOW(), NOW()),
('85bffb968703bdbdf1d4e64dd8a946c6', 'Department of Economic Affairs', 'cb18a1af896e958cb2133eb82684a648', NOW(), NOW()),
('38c2f3642b2e62abc58c3cb23ce10189', 'Department of Expenditure', 'cb18a1af896e958cb2133eb82684a648', NOW(), NOW()),
('99c992324eef7b291f277006efe98fe4', 'Department of Defence', '525930c7ad0bccece9ba07a2128a64d0', NOW(), NOW()),
('339c25a031b574dedaf9ed9ec68a47a0', 'Department of Defence Production', '525930c7ad0bccece9ba07a2128a64d0', NOW(), NOW()),
('ecd0e884c9759552325529913e4de2aa', 'Department of Road Transport', 'bd8a1bdc01827193889e256fe96b9d0c', NOW(), NOW()),
('8f108ea6778fd15069923562fcfaf923', 'Department of Highways', 'bd8a1bdc01827193889e256fe96b9d0c', NOW(), NOW()),
('622b0337814250181e93c91787d696ed', 'Department of Women Empowerment', 'ae3485ee447eba039fd65b477123d29d', NOW(), NOW()),
('fda23baf7d7059259aa462feb231d65c', 'Department of Child Development', 'ae3485ee447eba039fd65b477123d29d', NOW(), NOW()),
('eb5c8dd0ed601bb1eb1f06dbcdae85b7', 'Department of Housing', 'e7eaef141400e12b7cb1c213811daca9', NOW(), NOW()),
('fc1bf217c7c5de4b55a749ce7c468e7b', 'Department of Urban Affairs', 'e7eaef141400e12b7cb1c213811daca9', NOW(), NOW());

INSERT INTO "Scheme" ("id", "name", "departmentId", "isActive", "priorityCategory", "createdAt", "updatedAt") VALUES
('c093f335fd3b43ac9b1bc170f83e6cad', 'Mahatma Gandhi National Rural Employment Guarantee Program (MGNREGA)', '33954e69a38ee2792670ae4069aa85a4', true, 'INFRASTRUCTURE', NOW(), NOW()),
('06d6e3a1b23807edabac7cb41e0b531e', 'Pradhan Mantri Awas Yojana (PMAY) - Rural', '32961e4f339e8471dd76dcb4312ff452', true, 'SOCIAL_PROTECTION', NOW(), NOW()),
('bb3ceb17251d193685d1631145aa8bd2', 'Ayushman Bharat - Pradhan Mantri Jan Arogya Yojana (PMJAY)', 'b9be31a748be560dea3dc47d5a2b9e91', true, 'HUMAN_CAPITAL', NOW(), NOW()),
('79f318265fbb3566e828b23c490be6bd', 'Pradhan Mantri Kisan Samman Nidhi (PM-KISAN)', 'f4f11f2d8e78da135d43a72e4b883c67', true, 'ENVIRONMENT', NOW(), NOW()),
('80e178686a879e21459d42fd5247cd78', 'Jal Jeevan Mission (JJM) / National Rural Drinking Water Mission', 'b878fa047563137fd6a5aaaeaa6730c2', true, 'ADMINISTRATIVE', NOW(), NOW()),
('8d55c1aafe95c0df60fbfeaf909538e1', 'Samagra Shiksha', '345420b69046bd0899e6521ea4b82e70', true, 'INFRASTRUCTURE', NOW(), NOW()),
('a43c549cfae9e8a1edae0c8363b06ab6', 'Deendayal Water Yojana - Phase 2', '5cbef42ed5fe9f9df2ede76ed3522467', true, 'SOCIAL_PROTECTION', NOW(), NOW()),
('53f6b140df97df2536d42f7fa00505b9', 'Digital Farmer Abhiyan - Phase 2', '12d77e3ba53256d8a4b8e2067521403b', true, 'HUMAN_CAPITAL', NOW(), NOW()),
('86fab431c35332be8eb447a04b443454', 'Atmanirbhar Solar Abhiyan - Phase 1', '1ca42ddc0da64284211fc8d0cb946ff8', true, 'ENVIRONMENT', NOW(), NOW()),
('7226269fe1be1100f2d38d32852b938e', 'Mission Urban Initiative - Phase 1', 'c8d93e30cf393dc532f5ef859674207e', true, 'ADMINISTRATIVE', NOW(), NOW()),
('fb3c20adbeb1afd2cb1293e01c9d3d5b', 'National Rural Mission - Phase 1', '85bffb968703bdbdf1d4e64dd8a946c6', true, 'INFRASTRUCTURE', NOW(), NOW()),
('0ab420f720e4ed7626c6f53b067a812c', 'Deendayal Child Abhiyan - Phase 1', '38c2f3642b2e62abc58c3cb23ce10189', true, 'SOCIAL_PROTECTION', NOW(), NOW()),
('9011dba18d27c0cbce652e56861cf941', 'Pradhan Mantri Road Initiative - Phase 2', '99c992324eef7b291f277006efe98fe4', true, 'HUMAN_CAPITAL', NOW(), NOW()),
('7246bfbe393dd7c738bda807e17652f5', 'National Solar Program - Phase 1', '339c25a031b574dedaf9ed9ec68a47a0', true, 'ENVIRONMENT', NOW(), NOW()),
('37bfcaf53d855151ddee5543aeb9d9ae', 'Smart Education Mission - Phase 1', 'ecd0e884c9759552325529913e4de2aa', true, 'ADMINISTRATIVE', NOW(), NOW()),
('0f69488a63473a83790ea0676ecd9a8e', 'Deendayal Water Program - Phase 3', '8f108ea6778fd15069923562fcfaf923', true, 'INFRASTRUCTURE', NOW(), NOW()),
('08cb3f55b917a101d1b0bb4b78eee96f', 'Pradhan Mantri Urban Initiative - Phase 3', '622b0337814250181e93c91787d696ed', true, 'SOCIAL_PROTECTION', NOW(), NOW()),
('c6967c6ba11bf53014c51c895ab6eb4e', 'Smart Women Yojana - Phase 3', 'fda23baf7d7059259aa462feb231d65c', true, 'HUMAN_CAPITAL', NOW(), NOW()),
('f9365e4a36c5e9d473dc328628abe367', 'National Tech Mission - Phase 2', 'eb5c8dd0ed601bb1eb1f06dbcdae85b7', true, 'ENVIRONMENT', NOW(), NOW()),
('28079d1463dfa00dac7c7ad3bbcf2846', 'Smart Water Program - Phase 1', 'fc1bf217c7c5de4b55a749ce7c468e7b', true, 'ADMINISTRATIVE', NOW(), NOW()),
('cf8ba01aa1389aa9eaeff36d0d292767', 'National Road Fund - Phase 3', '33954e69a38ee2792670ae4069aa85a4', true, 'INFRASTRUCTURE', NOW(), NOW()),
('33dbca639d8808864fd6f53ccc7a0809', 'Atmanirbhar Child Fund - Phase 3', '32961e4f339e8471dd76dcb4312ff452', true, 'SOCIAL_PROTECTION', NOW(), NOW()),
('7db0f5a8b666a236d3bfa3b57e60488d', 'Atmanirbhar Health Program - Phase 3', 'b9be31a748be560dea3dc47d5a2b9e91', true, 'HUMAN_CAPITAL', NOW(), NOW()),
('89e5305f216d7ecdc22e5f009af81079', 'Deendayal Water Mission - Phase 3', 'f4f11f2d8e78da135d43a72e4b883c67', true, 'ENVIRONMENT', NOW(), NOW()),
('e63f5c3fbb1457d8f594c7dce88d2abe', 'National Road Corridor - Phase 3', 'b878fa047563137fd6a5aaaeaa6730c2', true, 'ADMINISTRATIVE', NOW(), NOW()),
('37c9d5a055f2e741803bbe471ea04746', 'Mission Road Fund - Phase 1', '345420b69046bd0899e6521ea4b82e70', true, 'INFRASTRUCTURE', NOW(), NOW()),
('ce744f7e5d648736efd12ae5ee52bf97', 'Pradhan Mantri Child Fund - Phase 3', '5cbef42ed5fe9f9df2ede76ed3522467', true, 'SOCIAL_PROTECTION', NOW(), NOW()),
('b86a9e6d46f4986b772e0f3ca07d5141', 'Pradhan Mantri Health Corridor - Phase 3', '12d77e3ba53256d8a4b8e2067521403b', true, 'HUMAN_CAPITAL', NOW(), NOW()),
('8a9c30995d30fccd501b1c1f6e8cd336', 'Deendayal Urban Yojana - Phase 3', '1ca42ddc0da64284211fc8d0cb946ff8', true, 'ENVIRONMENT', NOW(), NOW()),
('13275e4672ba50022c7a4a7fa431ab38', 'National Skill Fund - Phase 2', 'c8d93e30cf393dc532f5ef859674207e', true, 'ADMINISTRATIVE', NOW(), NOW()),
('0c7748e35a8a564692e93f543bce0132', 'Mission Health Yojana - Phase 2', '85bffb968703bdbdf1d4e64dd8a946c6', true, 'INFRASTRUCTURE', NOW(), NOW()),
('de3f3d0a64273cff51d3b13bcb4dfa0a', 'Pradhan Mantri Health Initiative - Phase 2', '38c2f3642b2e62abc58c3cb23ce10189', true, 'SOCIAL_PROTECTION', NOW(), NOW()),
('0bc2b936180818728e624526c6be7143', 'Swachh Solar Abhiyan - Phase 1', '99c992324eef7b291f277006efe98fe4', true, 'HUMAN_CAPITAL', NOW(), NOW()),
('618daad78f14d55c1b8dac725a649de5', 'Smart Education Mission - Phase 2', '339c25a031b574dedaf9ed9ec68a47a0', true, 'ENVIRONMENT', NOW(), NOW()),
('aa37998535d115af2103444a28263f6a', 'Mission Skill Yojana - Phase 1', 'ecd0e884c9759552325529913e4de2aa', true, 'ADMINISTRATIVE', NOW(), NOW()),
('7ce7a68e2fc214b71560291408f0c324', 'Atmanirbhar Water Fund - Phase 1', '8f108ea6778fd15069923562fcfaf923', true, 'INFRASTRUCTURE', NOW(), NOW()),
('c9ac412428ee5bfb1cec92ffa0699a42', 'Swachh Education Initiative - Phase 3', '622b0337814250181e93c91787d696ed', true, 'SOCIAL_PROTECTION', NOW(), NOW()),
('bb86289bb6044f64959db45877971078', 'Deendayal Farmer Mission - Phase 3', 'fda23baf7d7059259aa462feb231d65c', true, 'HUMAN_CAPITAL', NOW(), NOW()),
('1f5030cf73e9be0e0b34e4d153b9d099', 'Digital Rural Abhiyan - Phase 1', 'eb5c8dd0ed601bb1eb1f06dbcdae85b7', true, 'ENVIRONMENT', NOW(), NOW()),
('d4383d6ce7f27597cc127aebd7ef0cdc', 'Pradhan Mantri Health Abhiyan - Phase 1', 'fc1bf217c7c5de4b55a749ce7c468e7b', true, 'ADMINISTRATIVE', NOW(), NOW()),
('bc28b7f853ce6e3d4a5e24809503f8d5', 'Deendayal Farmer Program - Phase 1', '33954e69a38ee2792670ae4069aa85a4', true, 'INFRASTRUCTURE', NOW(), NOW()),
('19d764499e69c3379eb55490ac4ead17', 'Pradhan Mantri Skill Corridor - Phase 2', '32961e4f339e8471dd76dcb4312ff452', true, 'SOCIAL_PROTECTION', NOW(), NOW()),
('43fc5b15a67cdb34f78c409c394ce648', 'National Rural Corridor - Phase 3', 'b9be31a748be560dea3dc47d5a2b9e91', true, 'HUMAN_CAPITAL', NOW(), NOW()),
('75b7f0fe4446d39799500d08a7910dfd', 'Smart Urban Yojana - Phase 1', 'f4f11f2d8e78da135d43a72e4b883c67', true, 'ENVIRONMENT', NOW(), NOW()),
('316e484797a95efec5ad3c7daf5e3cdc', 'Digital Solar Abhiyan - Phase 2', 'b878fa047563137fd6a5aaaeaa6730c2', true, 'ADMINISTRATIVE', NOW(), NOW()),
('bd9c0362cb64d35017a745762eb36acb', 'Atmanirbhar Education Fund - Phase 1', '345420b69046bd0899e6521ea4b82e70', true, 'INFRASTRUCTURE', NOW(), NOW()),
('70756344eafa098376516b52b004424e', 'Swachh Child Abhiyan - Phase 1', '5cbef42ed5fe9f9df2ede76ed3522467', true, 'SOCIAL_PROTECTION', NOW(), NOW()),
('938eafa6ca62e2a56d053d652d855757', 'Mission Solar Corridor - Phase 3', '12d77e3ba53256d8a4b8e2067521403b', true, 'HUMAN_CAPITAL', NOW(), NOW()),
('56bacb895d09a6eb6ed329849bef351b', 'Atmanirbhar Urban Fund - Phase 1', '1ca42ddc0da64284211fc8d0cb946ff8', true, 'ENVIRONMENT', NOW(), NOW()),
('8d77c6e94d36a8a808dbb39651cc4f55', 'Mission Skill Initiative - Phase 2', 'c8d93e30cf393dc532f5ef859674207e', true, 'ADMINISTRATIVE', NOW(), NOW());

INSERT INTO "BudgetAllocation" ("id", "schemeId", "ministryId", "fiscalYear", "allocated", "allocatedCapital", "allocatedRevenue", "utilized", "utilizedCapital", "utilizedRevenue", "expenditureQ1", "expenditureQ2", "expenditureQ3", "expenditureQ4", "surrendered", "supplementaryDemands", "anomalyFlag", "createdAt", "updatedAt") VALUES
('dd4b3d17d5e5319bd32a19c611a68518', 'c093f335fd3b43ac9b1bc170f83e6cad', '3acba06cfd1bb829f92e64bb1a7b3241', '2022-23', 59902.00, 11980.40, 47921.60, 53202.42, 10640.48, 42561.93, 13300.60, 13300.60, 13300.60, 13300.60, 6699.58, 0, false, NOW(), NOW()),
('7faf63415f619c373157b8f5b27c1b12', 'c093f335fd3b43ac9b1bc170f83e6cad', '3acba06cfd1bb829f92e64bb1a7b3241', '2023-24', 64694.16, 12938.83, 51755.33, 58050.34, 11610.07, 46440.27, 14512.59, 14512.59, 14512.59, 14512.59, 6643.82, 0, false, NOW(), NOW()),
('6c5d1d3332f381d57f7e6c0ca273e637', 'c093f335fd3b43ac9b1bc170f83e6cad', '3acba06cfd1bb829f92e64bb1a7b3241', '2024-25', 69486.32, 13897.26, 55589.06, 35173.97, 7034.79, 28139.17, 8793.49, 8793.49, 8793.49, 8793.49, 34312.35, 1, false, NOW(), NOW()),
('77bac539a36c401b9c91134d8716f618', '06d6e3a1b23807edabac7cb41e0b531e', '3acba06cfd1bb829f92e64bb1a7b3241', '2022-23', 19373.00, 3874.60, 15498.40, 18354.01, 3670.80, 14683.21, 4588.50, 4588.50, 4588.50, 4588.50, 1018.99, 0, true, NOW(), NOW()),
('cb43a17008a84ed73124a43b47aaa540', '06d6e3a1b23807edabac7cb41e0b531e', '3acba06cfd1bb829f92e64bb1a7b3241', '2023-24', 20922.84, 4184.57, 16738.27, 17346.06, 3469.21, 13876.85, 4336.52, 4336.52, 4336.52, 4336.52, 3576.78, 2, false, NOW(), NOW()),
('65b599dbaa3425a38549b0cd54561196', '06d6e3a1b23807edabac7cb41e0b531e', '3acba06cfd1bb829f92e64bb1a7b3241', '2024-25', 22472.68, 4494.54, 17978.14, 12239.04, 2447.81, 9791.23, 3059.76, 3059.76, 3059.76, 3059.76, 10233.64, 0, false, NOW(), NOW()),
('9ffdfe0744b82955b5d1b502ab23e142', 'bb3ceb17251d193685d1631145aa8bd2', 'ac31e6b9d46153575425140dbb70c2d3', '2022-23', 25291.00, 5058.20, 20232.80, 22387.20, 4477.44, 17909.76, 5596.80, 5596.80, 5596.80, 5596.80, 2903.80, 2, false, NOW(), NOW()),
('f70d42e8aed1e6820b2c9d13d20de034', 'bb3ceb17251d193685d1631145aa8bd2', 'ac31e6b9d46153575425140dbb70c2d3', '2023-24', 27314.28, 5462.86, 21851.42, 22565.48, 4513.10, 18052.39, 5641.37, 5641.37, 5641.37, 5641.37, 4748.80, 0, false, NOW(), NOW()),
('4509f3ae87950994c44469ba480b9642', 'bb3ceb17251d193685d1631145aa8bd2', 'ac31e6b9d46153575425140dbb70c2d3', '2024-25', 29337.56, 5867.51, 23470.05, 14447.42, 2889.48, 11557.94, 3611.86, 3611.86, 3611.86, 3611.86, 14890.14, 0, false, NOW(), NOW()),
('7e0d223cdb327dd303f4e5d4727cec11', '79f318265fbb3566e828b23c490be6bd', 'ac31e6b9d46153575425140dbb70c2d3', '2022-23', 40773.00, 8154.60, 32618.40, 38201.75, 7640.35, 30561.40, 9550.44, 9550.44, 9550.44, 9550.44, 2571.25, 0, false, NOW(), NOW()),
('86c4b0149705651198174240889ed6f4', '79f318265fbb3566e828b23c490be6bd', 'ac31e6b9d46153575425140dbb70c2d3', '2023-24', 44034.84, 8806.97, 35227.87, 35379.29, 7075.86, 28303.43, 8844.82, 8844.82, 8844.82, 8844.82, 8655.55, 2, false, NOW(), NOW()),
('8eb343a1b38cc2b9bfa828d058be90f2', '79f318265fbb3566e828b23c490be6bd', 'ac31e6b9d46153575425140dbb70c2d3', '2024-25', 47296.68, 9459.34, 37837.34, 23768.15, 4753.63, 19014.52, 5942.04, 5942.04, 5942.04, 5942.04, 23528.53, 0, true, NOW(), NOW()),
('0d89cfa2aa066edda1658b6a21bba001', '80e178686a879e21459d42fd5247cd78', 'f9476ebb0699902d698677e2741dd894', '2022-23', 53121.00, 10624.20, 42496.80, 46674.76, 9334.95, 37339.81, 11668.69, 11668.69, 11668.69, 11668.69, 6446.24, 2, true, NOW(), NOW()),
('6a9af6fa7bdba8fd0a340521c0b90a8d', '80e178686a879e21459d42fd5247cd78', 'f9476ebb0699902d698677e2741dd894', '2023-24', 57370.68, 11474.14, 45896.54, 49567.05, 9913.41, 39653.64, 12391.76, 12391.76, 12391.76, 12391.76, 7803.63, 0, false, NOW(), NOW()),
('bf541692a81c680a6ea0c6a87fa607f3', '80e178686a879e21459d42fd5247cd78', 'f9476ebb0699902d698677e2741dd894', '2024-25', 61620.36, 12324.07, 49296.29, 32316.51, 6463.30, 25853.21, 8079.13, 8079.13, 8079.13, 8079.13, 29303.85, 0, false, NOW(), NOW()),
('59bc059ee035b26b1b66f4637699d1a8', '8d55c1aafe95c0df60fbfeaf909538e1', 'f9476ebb0699902d698677e2741dd894', '2022-23', 52682.00, 10536.40, 42145.60, 47056.41, 9411.28, 37645.13, 11764.10, 11764.10, 11764.10, 11764.10, 5625.59, 0, true, NOW(), NOW()),
('7ea9dccfa827ca481b168e831a417652', '8d55c1aafe95c0df60fbfeaf909538e1', 'f9476ebb0699902d698677e2741dd894', '2023-24', 56896.56, 11379.31, 45517.25, 47720.02, 9544.00, 38176.02, 11930.01, 11930.01, 11930.01, 11930.01, 9176.54, 0, false, NOW(), NOW()),
('2788eb345f1159e8b6376d4b40f3bd96', '8d55c1aafe95c0df60fbfeaf909538e1', 'f9476ebb0699902d698677e2741dd894', '2024-25', 61111.12, 12222.22, 48888.90, 32767.49, 6553.50, 26213.99, 8191.87, 8191.87, 8191.87, 8191.87, 28343.63, 0, false, NOW(), NOW()),
('57cf3fb166d7bce21eef67774f1a90a2', 'a43c549cfae9e8a1edae0c8363b06ab6', 'f1f1f782fcf0c1aabe3f43b24894adb6', '2022-23', 12663.00, 2532.60, 10130.40, 10133.57, 2026.71, 8106.85, 2533.39, 2533.39, 2533.39, 2533.39, 2529.43, 2, false, NOW(), NOW()),
('8764ff69635fe9eb8eeb67642c80d294', 'a43c549cfae9e8a1edae0c8363b06ab6', 'f1f1f782fcf0c1aabe3f43b24894adb6', '2023-24', 13676.04, 2735.21, 10940.83, 12557.95, 2511.59, 10046.36, 3139.49, 3139.49, 3139.49, 3139.49, 1118.09, 0, true, NOW(), NOW()),
('5f1df3f308ef819bae5f63c13baac18f', 'a43c549cfae9e8a1edae0c8363b06ab6', 'f1f1f782fcf0c1aabe3f43b24894adb6', '2024-25', 14689.08, 2937.82, 11751.26, 6775.64, 1355.13, 5420.51, 1693.91, 1693.91, 1693.91, 1693.91, 7913.44, 2, false, NOW(), NOW()),
('5b46687a124ff178b094a0b4bec79973', '53f6b140df97df2536d42f7fa00505b9', 'f1f1f782fcf0c1aabe3f43b24894adb6', '2022-23', 53889.00, 10777.80, 43111.20, 44439.44, 8887.89, 35551.55, 11109.86, 11109.86, 11109.86, 11109.86, 9449.56, 2, false, NOW(), NOW()),
('0caa598126d1fcaef15246f6666d79c1', '53f6b140df97df2536d42f7fa00505b9', 'f1f1f782fcf0c1aabe3f43b24894adb6', '2023-24', 58200.12, 11640.02, 46560.10, 49459.36, 9891.87, 39567.49, 12364.84, 12364.84, 12364.84, 12364.84, 8740.76, 1, false, NOW(), NOW()),
('58912720a339c62bfa2970d2bffb7349', '53f6b140df97df2536d42f7fa00505b9', 'f1f1f782fcf0c1aabe3f43b24894adb6', '2024-25', 62511.24, 12502.25, 50008.99, 28775.68, 5755.14, 23020.55, 7193.92, 7193.92, 7193.92, 7193.92, 33735.56, 0, false, NOW(), NOW()),
('00dec6e0b3d93afc00e9b1cce5e5ecb9', '86fab431c35332be8eb447a04b443454', '5a9cd8b007733465acf90056aa4e759c', '2022-23', 55218.00, 11043.60, 44174.40, 45753.89, 9150.78, 36603.11, 11438.47, 11438.47, 11438.47, 11438.47, 9464.11, 2, false, NOW(), NOW()),
('cfa7c2fb2bcd147984bd88ababf00c9d', '86fab431c35332be8eb447a04b443454', '5a9cd8b007733465acf90056aa4e759c', '2023-24', 59635.44, 11927.09, 47708.35, 48268.65, 9653.73, 38614.92, 12067.16, 12067.16, 12067.16, 12067.16, 11366.79, 0, false, NOW(), NOW()),
('5411c4a9a8b4536068e47c2c1c56c8ca', '86fab431c35332be8eb447a04b443454', '5a9cd8b007733465acf90056aa4e759c', '2024-25', 64052.88, 12810.58, 51242.30, 30937.75, 6187.55, 24750.20, 7734.44, 7734.44, 7734.44, 7734.44, 33115.13, 1, false, NOW(), NOW()),
('9b5690cac0ed2f02fe6928fd79db4cd2', '7226269fe1be1100f2d38d32852b938e', '5a9cd8b007733465acf90056aa4e759c', '2022-23', 21941.00, 4388.20, 17552.80, 19303.97, 3860.79, 15443.17, 4825.99, 4825.99, 4825.99, 4825.99, 2637.03, 1, false, NOW(), NOW()),
('e0c9683d34356a4afe3dc16b4eef82be', '7226269fe1be1100f2d38d32852b938e', '5a9cd8b007733465acf90056aa4e759c', '2023-24', 23696.28, 4739.26, 18957.02, 20069.84, 4013.97, 16055.87, 5017.46, 5017.46, 5017.46, 5017.46, 3626.44, 1, false, NOW(), NOW()),
('9288af4e89f349cce0f1aff75129f5f1', '7226269fe1be1100f2d38d32852b938e', '5a9cd8b007733465acf90056aa4e759c', '2024-25', 25451.56, 5090.31, 20361.25, 12823.41, 2564.68, 10258.73, 3205.85, 3205.85, 3205.85, 3205.85, 12628.15, 1, false, NOW(), NOW()),
('841241e4fdf8c1e3320ffb5a5a5ee362', 'fb3c20adbeb1afd2cb1293e01c9d3d5b', 'cb18a1af896e958cb2133eb82684a648', '2022-23', 12384.00, 2476.80, 9907.20, 11522.63, 2304.53, 9218.10, 2880.66, 2880.66, 2880.66, 2880.66, 861.37, 1, false, NOW(), NOW()),
('69ad0197a9bf0c79efcc177ffbeb3fa0', 'fb3c20adbeb1afd2cb1293e01c9d3d5b', 'cb18a1af896e958cb2133eb82684a648', '2023-24', 13374.72, 2674.94, 10699.78, 12225.85, 2445.17, 9780.68, 3056.46, 3056.46, 3056.46, 3056.46, 1148.87, 2, false, NOW(), NOW()),
('1ac046f990284b7679f80f172d0188df', 'fb3c20adbeb1afd2cb1293e01c9d3d5b', 'cb18a1af896e958cb2133eb82684a648', '2024-25', 14365.44, 2873.09, 11492.35, 7221.79, 1444.36, 5777.43, 1805.45, 1805.45, 1805.45, 1805.45, 7143.65, 2, false, NOW(), NOW()),
('1b1a9c8bb90f5131dec223b371c3b2bc', '0ab420f720e4ed7626c6f53b067a812c', 'cb18a1af896e958cb2133eb82684a648', '2022-23', 11415.00, 2283.00, 9132.00, 9237.09, 1847.42, 7389.67, 2309.27, 2309.27, 2309.27, 2309.27, 2177.91, 0, false, NOW(), NOW()),
('bd6a20f5e0752540df3c82c01826102a', '0ab420f720e4ed7626c6f53b067a812c', 'cb18a1af896e958cb2133eb82684a648', '2023-24', 12328.20, 2465.64, 9862.56, 9921.42, 1984.28, 7937.14, 2480.36, 2480.36, 2480.36, 2480.36, 2406.78, 2, false, NOW(), NOW()),
('84e814fd54fb704ac0d04d6cc99d8b7e', '0ab420f720e4ed7626c6f53b067a812c', 'cb18a1af896e958cb2133eb82684a648', '2024-25', 13241.40, 2648.28, 10593.12, 6887.63, 1377.53, 5510.11, 1721.91, 1721.91, 1721.91, 1721.91, 6353.77, 2, true, NOW(), NOW()),
('36f4a9fcea483d3d0cdb2ce1a8cae3cc', '9011dba18d27c0cbce652e56861cf941', '525930c7ad0bccece9ba07a2128a64d0', '2022-23', 10409.00, 2081.80, 8327.20, 8784.30, 1756.86, 7027.44, 2196.07, 2196.07, 2196.07, 2196.07, 1624.70, 1, false, NOW(), NOW()),
('3702a36d55b68cb5c5982157075f8504', '9011dba18d27c0cbce652e56861cf941', '525930c7ad0bccece9ba07a2128a64d0', '2023-24', 11241.72, 2248.34, 8993.38, 10412.72, 2082.54, 8330.17, 2603.18, 2603.18, 2603.18, 2603.18, 829.00, 0, false, NOW(), NOW()),
('79df4c32fb97af7622d98a4711cf21e2', '9011dba18d27c0cbce652e56861cf941', '525930c7ad0bccece9ba07a2128a64d0', '2024-25', 12074.44, 2414.89, 9659.55, 5752.63, 1150.53, 4602.11, 1438.16, 1438.16, 1438.16, 1438.16, 6321.81, 0, false, NOW(), NOW()),
('52c4261b2623d0ec6f040e724cc74068', '7246bfbe393dd7c738bda807e17652f5', '525930c7ad0bccece9ba07a2128a64d0', '2022-23', 47832.00, 9566.40, 38265.60, 44325.27, 8865.05, 35460.21, 11081.32, 11081.32, 11081.32, 11081.32, 3506.73, 2, false, NOW(), NOW()),
('310e8a08d5143d8d40e8b3f01bda74c6', '7246bfbe393dd7c738bda807e17652f5', '525930c7ad0bccece9ba07a2128a64d0', '2023-24', 51658.56, 10331.71, 41326.85, 42239.50, 8447.90, 33791.60, 10559.88, 10559.88, 10559.88, 10559.88, 9419.06, 0, false, NOW(), NOW()),
('44eb36102dc8600c3f732031e5736399', '7246bfbe393dd7c738bda807e17652f5', '525930c7ad0bccece9ba07a2128a64d0', '2024-25', 55485.12, 11097.02, 44388.10, 25317.59, 5063.52, 20254.07, 6329.40, 6329.40, 6329.40, 6329.40, 30167.53, 0, false, NOW(), NOW()),
('1fe3a75f9c5f811356d2e9d4d2028af2', '37bfcaf53d855151ddee5543aeb9d9ae', 'bd8a1bdc01827193889e256fe96b9d0c', '2022-23', 18288.00, 3657.60, 14630.40, 15365.38, 3073.08, 12292.30, 3841.34, 3841.34, 3841.34, 3841.34, 2922.62, 2, false, NOW(), NOW()),
('31b2dcd0af6e48575504f962adebff0d', '37bfcaf53d855151ddee5543aeb9d9ae', 'bd8a1bdc01827193889e256fe96b9d0c', '2023-24', 19751.04, 3950.21, 15800.83, 16794.68, 3358.94, 13435.75, 4198.67, 4198.67, 4198.67, 4198.67, 2956.36, 2, false, NOW(), NOW()),
('f23723369c71110a8adc8ae27919984f', '37bfcaf53d855151ddee5543aeb9d9ae', 'bd8a1bdc01827193889e256fe96b9d0c', '2024-25', 21214.08, 4242.82, 16971.26, 10604.91, 2120.98, 8483.92, 2651.23, 2651.23, 2651.23, 2651.23, 10609.17, 0, false, NOW(), NOW()),
('6646e739f54f160540187f240b07b9a6', '0f69488a63473a83790ea0676ecd9a8e', 'bd8a1bdc01827193889e256fe96b9d0c', '2022-23', 30345.00, 6069.00, 24276.00, 26211.45, 5242.29, 20969.16, 6552.86, 6552.86, 6552.86, 6552.86, 4133.55, 2, false, NOW(), NOW()),
('46655ffd563776282913e5d4b5cac251', '0f69488a63473a83790ea0676ecd9a8e', 'bd8a1bdc01827193889e256fe96b9d0c', '2023-24', 32772.60, 6554.52, 26218.08, 27941.50, 5588.30, 22353.20, 6985.38, 6985.38, 6985.38, 6985.38, 4831.10, 0, false, NOW(), NOW()),
('dc88c0bdf602fc4a55e829444bf9a7b3', '0f69488a63473a83790ea0676ecd9a8e', 'bd8a1bdc01827193889e256fe96b9d0c', '2024-25', 35200.20, 7040.04, 28160.16, 16160.75, 3232.15, 12928.60, 4040.19, 4040.19, 4040.19, 4040.19, 19039.45, 1, false, NOW(), NOW()),
('32077483b2d9d80496cb80807a049b01', '08cb3f55b917a101d1b0bb4b78eee96f', 'ae3485ee447eba039fd65b477123d29d', '2022-23', 59295.00, 11859.00, 47436.00, 50569.17, 10113.83, 40455.34, 12642.29, 12642.29, 12642.29, 12642.29, 8725.83, 2, false, NOW(), NOW()),
('bbb47b40e4ddee92c138b25490be21ca', '08cb3f55b917a101d1b0bb4b78eee96f', 'ae3485ee447eba039fd65b477123d29d', '2023-24', 64038.60, 12807.72, 51230.88, 58176.81, 11635.36, 46541.45, 14544.20, 14544.20, 14544.20, 14544.20, 5861.79, 0, true, NOW(), NOW());

INSERT INTO "BudgetAllocation" ("id", "schemeId", "ministryId", "fiscalYear", "allocated", "allocatedCapital", "allocatedRevenue", "utilized", "utilizedCapital", "utilizedRevenue", "expenditureQ1", "expenditureQ2", "expenditureQ3", "expenditureQ4", "surrendered", "supplementaryDemands", "anomalyFlag", "createdAt", "updatedAt") VALUES
('4e1ca34a79c20d8461708a18101dbd9b', '08cb3f55b917a101d1b0bb4b78eee96f', 'ae3485ee447eba039fd65b477123d29d', '2024-25', 68782.20, 13756.44, 55025.76, 34397.25, 6879.45, 27517.80, 8599.31, 8599.31, 8599.31, 8599.31, 34384.95, 0, false, NOW(), NOW()),
('74a83c83daacad0a7650937e9a63c06d', 'c6967c6ba11bf53014c51c895ab6eb4e', 'ae3485ee447eba039fd65b477123d29d', '2022-23', 26071.00, 5214.20, 20856.80, 21106.83, 4221.37, 16885.47, 5276.71, 5276.71, 5276.71, 5276.71, 4964.17, 0, false, NOW(), NOW()),
('f11f7531b6708713e19820d28586b07d', 'c6967c6ba11bf53014c51c895ab6eb4e', 'ae3485ee447eba039fd65b477123d29d', '2023-24', 28156.68, 5631.34, 22525.34, 26723.38, 5344.68, 21378.71, 6680.85, 6680.85, 6680.85, 6680.85, 1433.30, 0, false, NOW(), NOW()),
('3a5c391221f42e9a68c2139e15fee59f', 'c6967c6ba11bf53014c51c895ab6eb4e', 'ae3485ee447eba039fd65b477123d29d', '2024-25', 30242.36, 6048.47, 24193.89, 15948.06, 3189.61, 12758.45, 3987.02, 3987.02, 3987.02, 3987.02, 14294.30, 2, true, NOW(), NOW()),
('072b8f7e5827372a3272cc4d724721bc', 'f9365e4a36c5e9d473dc328628abe367', 'e7eaef141400e12b7cb1c213811daca9', '2022-23', 15819.00, 3163.80, 12655.20, 14919.03, 2983.81, 11935.22, 3729.76, 3729.76, 3729.76, 3729.76, 899.97, 2, true, NOW(), NOW()),
('a3c96ccedc475827dfdebd05a171815b', 'f9365e4a36c5e9d473dc328628abe367', 'e7eaef141400e12b7cb1c213811daca9', '2023-24', 17084.52, 3416.90, 13667.62, 14448.68, 2889.74, 11558.94, 3612.17, 3612.17, 3612.17, 3612.17, 2635.84, 0, true, NOW(), NOW()),
('3d58a8644805d85d897bb80e685ddbc1', 'f9365e4a36c5e9d473dc328628abe367', 'e7eaef141400e12b7cb1c213811daca9', '2024-25', 18350.04, 3670.01, 14680.03, 8283.41, 1656.68, 6626.73, 2070.85, 2070.85, 2070.85, 2070.85, 10066.63, 2, false, NOW(), NOW()),
('c3fc1f7d161a14997fc3c9b3d989bb24', '28079d1463dfa00dac7c7ad3bbcf2846', 'e7eaef141400e12b7cb1c213811daca9', '2022-23', 44493.00, 8898.60, 35594.40, 35856.32, 7171.26, 28685.06, 8964.08, 8964.08, 8964.08, 8964.08, 8636.68, 2, false, NOW(), NOW()),
('9c96c68b9cb8be0745d1f0c112753962', '28079d1463dfa00dac7c7ad3bbcf2846', 'e7eaef141400e12b7cb1c213811daca9', '2023-24', 48052.44, 9610.49, 38441.95, 45540.37, 9108.07, 36432.30, 11385.09, 11385.09, 11385.09, 11385.09, 2512.07, 0, false, NOW(), NOW()),
('277538034e620fb97d4a0483c6d29f4a', '28079d1463dfa00dac7c7ad3bbcf2846', 'e7eaef141400e12b7cb1c213811daca9', '2024-25', 51611.88, 10322.38, 41289.50, 25180.65, 5036.13, 20144.52, 6295.16, 6295.16, 6295.16, 6295.16, 26431.23, 0, false, NOW(), NOW()),
('3c26c22377af3300f5005b3e89aab2fe', 'cf8ba01aa1389aa9eaeff36d0d292767', '3acba06cfd1bb829f92e64bb1a7b3241', '2022-23', 35361.00, 7072.20, 28288.80, 32875.54, 6575.11, 26300.43, 8218.89, 8218.89, 8218.89, 8218.89, 2485.46, 1, false, NOW(), NOW()),
('a4efbad212fe5ab3dc408acc2faad627', 'cf8ba01aa1389aa9eaeff36d0d292767', '3acba06cfd1bb829f92e64bb1a7b3241', '2023-24', 38189.88, 7637.98, 30551.90, 33584.59, 6716.92, 26867.68, 8396.15, 8396.15, 8396.15, 8396.15, 4605.29, 2, false, NOW(), NOW()),
('2dba6844850b00ac4bbd133c603b1a6a', 'cf8ba01aa1389aa9eaeff36d0d292767', '3acba06cfd1bb829f92e64bb1a7b3241', '2024-25', 41018.76, 8203.75, 32815.01, 20235.24, 4047.05, 16188.19, 5058.81, 5058.81, 5058.81, 5058.81, 20783.52, 2, false, NOW(), NOW()),
('a47cf5c72748f33627051b8712fcffab', '33dbca639d8808864fd6f53ccc7a0809', '3acba06cfd1bb829f92e64bb1a7b3241', '2022-23', 43013.00, 8602.60, 34410.40, 36993.71, 7398.74, 29594.97, 9248.43, 9248.43, 9248.43, 9248.43, 6019.29, 0, false, NOW(), NOW()),
('d362fe0778e562f3223772c1a7204226', '33dbca639d8808864fd6f53ccc7a0809', '3acba06cfd1bb829f92e64bb1a7b3241', '2023-24', 46454.04, 9290.81, 37163.23, 40327.99, 8065.60, 32262.39, 10082.00, 10082.00, 10082.00, 10082.00, 6126.05, 2, false, NOW(), NOW()),
('f6ffb2fc616a07cf1508c51efffd8410', '33dbca639d8808864fd6f53ccc7a0809', '3acba06cfd1bb829f92e64bb1a7b3241', '2024-25', 49895.08, 9979.02, 39916.06, 23928.36, 4785.67, 19142.69, 5982.09, 5982.09, 5982.09, 5982.09, 25966.72, 2, false, NOW(), NOW()),
('9c970615e378e50f3698b0efd253bf59', '7db0f5a8b666a236d3bfa3b57e60488d', 'ac31e6b9d46153575425140dbb70c2d3', '2022-23', 34697.00, 6939.40, 27757.60, 30076.86, 6015.37, 24061.49, 7519.22, 7519.22, 7519.22, 7519.22, 4620.14, 0, false, NOW(), NOW()),
('fd67df9b0ccb85cf8e386554652d161d', '7db0f5a8b666a236d3bfa3b57e60488d', 'ac31e6b9d46153575425140dbb70c2d3', '2023-24', 37472.76, 7494.55, 29978.21, 33487.49, 6697.50, 26789.99, 8371.87, 8371.87, 8371.87, 8371.87, 3985.27, 0, false, NOW(), NOW()),
('ecc50208922024cb3ed506681047f864', '7db0f5a8b666a236d3bfa3b57e60488d', 'ac31e6b9d46153575425140dbb70c2d3', '2024-25', 40248.52, 8049.70, 32198.82, 19614.29, 3922.86, 15691.43, 4903.57, 4903.57, 4903.57, 4903.57, 20634.23, 0, false, NOW(), NOW()),
('89bc6be77d19db923b2c13463d811f19', '89e5305f216d7ecdc22e5f009af81079', 'ac31e6b9d46153575425140dbb70c2d3', '2022-23', 32074.00, 6414.80, 25659.20, 28193.21, 5638.64, 22554.57, 7048.30, 7048.30, 7048.30, 7048.30, 3880.79, 2, false, NOW(), NOW()),
('66d39f2701849f71b36f990d2a97b102', '89e5305f216d7ecdc22e5f009af81079', 'ac31e6b9d46153575425140dbb70c2d3', '2023-24', 34639.92, 6927.98, 27711.94, 31835.74, 6367.15, 25468.60, 7958.94, 7958.94, 7958.94, 7958.94, 2804.18, 2, false, NOW(), NOW()),
('4649201f54c796c525e0a3e166c3989e', '89e5305f216d7ecdc22e5f009af81079', 'ac31e6b9d46153575425140dbb70c2d3', '2024-25', 37205.84, 7441.17, 29764.67, 19627.40, 3925.48, 15701.92, 4906.85, 4906.85, 4906.85, 4906.85, 17578.44, 1, false, NOW(), NOW()),
('80b7592d0255d4870cc7ab1bf0490a27', 'e63f5c3fbb1457d8f594c7dce88d2abe', 'f9476ebb0699902d698677e2741dd894', '2022-23', 49135.00, 9827.00, 39308.00, 46659.83, 9331.97, 37327.87, 11664.96, 11664.96, 11664.96, 11664.96, 2475.17, 2, false, NOW(), NOW()),
('db93ae80dadf9632afdf82405e7b10e6', 'e63f5c3fbb1457d8f594c7dce88d2abe', 'f9476ebb0699902d698677e2741dd894', '2023-24', 53065.80, 10613.16, 42452.64, 43702.51, 8740.50, 34962.01, 10925.63, 10925.63, 10925.63, 10925.63, 9363.29, 0, false, NOW(), NOW()),
('c77d6fa7fb1327d1e709c6397fc70b8b', 'e63f5c3fbb1457d8f594c7dce88d2abe', 'f9476ebb0699902d698677e2741dd894', '2024-25', 56996.60, 11399.32, 45597.28, 30162.64, 6032.53, 24130.11, 7540.66, 7540.66, 7540.66, 7540.66, 26833.96, 1, false, NOW(), NOW()),
('ddf7a01a7649e107068590914f505202', '37c9d5a055f2e741803bbe471ea04746', 'f9476ebb0699902d698677e2741dd894', '2022-23', 28009.00, 5601.80, 22407.20, 22930.28, 4586.06, 18344.22, 5732.57, 5732.57, 5732.57, 5732.57, 5078.72, 1, false, NOW(), NOW()),
('8001f987a658f6c1b8a35daf308d9f91', '37c9d5a055f2e741803bbe471ea04746', 'f9476ebb0699902d698677e2741dd894', '2023-24', 30249.72, 6049.94, 24199.78, 25983.41, 5196.68, 20786.72, 6495.85, 6495.85, 6495.85, 6495.85, 4266.31, 2, false, NOW(), NOW()),
('06c7687e79b8ce1750be16691b7d457c', '37c9d5a055f2e741803bbe471ea04746', 'f9476ebb0699902d698677e2741dd894', '2024-25', 32490.44, 6498.09, 25992.35, 15033.59, 3006.72, 12026.88, 3758.40, 3758.40, 3758.40, 3758.40, 17456.85, 1, false, NOW(), NOW()),
('37103f9f9416e0d55403edfa5555e14d', 'ce744f7e5d648736efd12ae5ee52bf97', 'f1f1f782fcf0c1aabe3f43b24894adb6', '2022-23', 13268.00, 2653.60, 10614.40, 11569.63, 2313.93, 9255.70, 2892.41, 2892.41, 2892.41, 2892.41, 1698.37, 0, false, NOW(), NOW()),
('83698f56f86eb7e819a1a32831a545f4', 'ce744f7e5d648736efd12ae5ee52bf97', 'f1f1f782fcf0c1aabe3f43b24894adb6', '2023-24', 14329.44, 2865.89, 11463.55, 11769.49, 2353.90, 9415.59, 2942.37, 2942.37, 2942.37, 2942.37, 2559.95, 2, false, NOW(), NOW()),
('08ad85d26ff3a12add095f6d0f3fe2e8', 'ce744f7e5d648736efd12ae5ee52bf97', 'f1f1f782fcf0c1aabe3f43b24894adb6', '2024-25', 15390.88, 3078.18, 12312.70, 7427.00, 1485.40, 5941.60, 1856.75, 1856.75, 1856.75, 1856.75, 7963.88, 2, false, NOW(), NOW()),
('662ef46a2b1e29e544c438a3da72192d', 'b86a9e6d46f4986b772e0f3ca07d5141', 'f1f1f782fcf0c1aabe3f43b24894adb6', '2022-23', 37603.00, 7520.60, 30082.40, 34221.04, 6844.21, 27376.83, 8555.26, 8555.26, 8555.26, 8555.26, 3381.96, 0, false, NOW(), NOW()),
('be9a8228e0d9dc8542d3eedd5e20dd3e', 'b86a9e6d46f4986b772e0f3ca07d5141', 'f1f1f782fcf0c1aabe3f43b24894adb6', '2023-24', 40611.24, 8122.25, 32488.99, 32614.66, 6522.93, 26091.73, 8153.67, 8153.67, 8153.67, 8153.67, 7996.58, 0, false, NOW(), NOW()),
('bf590a68ebc8d4e99c0d54ee7e3f5068', 'b86a9e6d46f4986b772e0f3ca07d5141', 'f1f1f782fcf0c1aabe3f43b24894adb6', '2024-25', 43619.48, 8723.90, 34895.58, 22473.69, 4494.74, 17978.95, 5618.42, 5618.42, 5618.42, 5618.42, 21145.79, 2, false, NOW(), NOW()),
('94641e09100ac930fb7d8ee9039a10ad', '8a9c30995d30fccd501b1c1f6e8cd336', '5a9cd8b007733465acf90056aa4e759c', '2022-23', 51984.00, 10396.80, 41587.20, 49177.74, 9835.55, 39342.19, 12294.43, 12294.43, 12294.43, 12294.43, 2806.26, 1, false, NOW(), NOW()),
('a4225f79b55d01f15a938c1227c1b068', '8a9c30995d30fccd501b1c1f6e8cd336', '5a9cd8b007733465acf90056aa4e759c', '2023-24', 56142.72, 11228.54, 44914.18, 49715.17, 9943.03, 39772.14, 12428.79, 12428.79, 12428.79, 12428.79, 6427.55, 2, false, NOW(), NOW()),
('914ece1bf3885f06eb9c80455b344e88', '8a9c30995d30fccd501b1c1f6e8cd336', '5a9cd8b007733465acf90056aa4e759c', '2024-25', 60301.44, 12060.29, 48241.15, 32264.75, 6452.95, 25811.80, 8066.19, 8066.19, 8066.19, 8066.19, 28036.69, 0, false, NOW(), NOW()),
('13d4842924fab3ee85aded1fb5d40860', '13275e4672ba50022c7a4a7fa431ab38', '5a9cd8b007733465acf90056aa4e759c', '2022-23', 59795.00, 11959.00, 47836.00, 48975.94, 9795.19, 39180.75, 12243.99, 12243.99, 12243.99, 12243.99, 10819.06, 0, false, NOW(), NOW()),
('902f1de745a87f7f830cf313e3099667', '13275e4672ba50022c7a4a7fa431ab38', '5a9cd8b007733465acf90056aa4e759c', '2023-24', 64578.60, 12915.72, 51662.88, 60005.47, 12001.09, 48004.38, 15001.37, 15001.37, 15001.37, 15001.37, 4573.13, 0, false, NOW(), NOW()),
('4e24655ed5f1501396236a253f2d64d8', '13275e4672ba50022c7a4a7fa431ab38', '5a9cd8b007733465acf90056aa4e759c', '2024-25', 69362.20, 13872.44, 55489.76, 34565.64, 6913.13, 27652.51, 8641.41, 8641.41, 8641.41, 8641.41, 34796.56, 2, false, NOW(), NOW()),
('bd2ba13a6c075c82409b28377eac3c35', '0c7748e35a8a564692e93f543bce0132', 'cb18a1af896e958cb2133eb82684a648', '2022-23', 32715.00, 6543.00, 26172.00, 29102.50, 5820.50, 23282.00, 7275.63, 7275.63, 7275.63, 7275.63, 3612.50, 0, false, NOW(), NOW()),
('f3cf3a4041af83624364bbc5f4e58387', '0c7748e35a8a564692e93f543bce0132', 'cb18a1af896e958cb2133eb82684a648', '2023-24', 35332.20, 7066.44, 28265.76, 32615.86, 6523.17, 26092.69, 8153.97, 8153.97, 8153.97, 8153.97, 2716.34, 0, false, NOW(), NOW()),
('d587655374c64604913cc7bf528ee358', '0c7748e35a8a564692e93f543bce0132', 'cb18a1af896e958cb2133eb82684a648', '2024-25', 37949.40, 7589.88, 30359.52, 18951.34, 3790.27, 15161.07, 4737.83, 4737.83, 4737.83, 4737.83, 18998.06, 0, false, NOW(), NOW()),
('38c1cc100bf1bf27d7eaabd5f53c60ca', 'de3f3d0a64273cff51d3b13bcb4dfa0a', 'cb18a1af896e958cb2133eb82684a648', '2022-23', 24635.00, 4927.00, 19708.00, 20678.70, 4135.74, 16542.96, 5169.67, 5169.67, 5169.67, 5169.67, 3956.30, 1, false, NOW(), NOW()),
('d59c73f93a813bf2577205a859084460', 'de3f3d0a64273cff51d3b13bcb4dfa0a', 'cb18a1af896e958cb2133eb82684a648', '2023-24', 26605.80, 5321.16, 21284.64, 21459.73, 4291.95, 17167.79, 5364.93, 5364.93, 5364.93, 5364.93, 5146.07, 2, true, NOW(), NOW()),
('de49e47a1ca4dfe20a08c8f7eae3a792', 'de3f3d0a64273cff51d3b13bcb4dfa0a', 'cb18a1af896e958cb2133eb82684a648', '2024-25', 28576.60, 5715.32, 22861.28, 14351.42, 2870.28, 11481.14, 3587.85, 3587.85, 3587.85, 3587.85, 14225.18, 1, false, NOW(), NOW()),
('9e17d2bcce6f7fdf914440c9f704e547', '0bc2b936180818728e624526c6be7143', '525930c7ad0bccece9ba07a2128a64d0', '2022-23', 50132.00, 10026.40, 40105.60, 43596.03, 8719.21, 34876.83, 10899.01, 10899.01, 10899.01, 10899.01, 6535.97, 1, false, NOW(), NOW()),
('3c453c8efc7fd0fc1938854b4942a18f', '0bc2b936180818728e624526c6be7143', '525930c7ad0bccece9ba07a2128a64d0', '2023-24', 54142.56, 10828.51, 43314.05, 51236.89, 10247.38, 40989.51, 12809.22, 12809.22, 12809.22, 12809.22, 2905.67, 2, false, NOW(), NOW()),
('bbd4e925368771fb69250fde43c4db63', '0bc2b936180818728e624526c6be7143', '525930c7ad0bccece9ba07a2128a64d0', '2024-25', 58153.12, 11630.62, 46522.50, 26490.64, 5298.13, 21192.52, 6622.66, 6622.66, 6622.66, 6622.66, 31662.48, 2, true, NOW(), NOW()),
('8fcde062cf2b7341c362bc5f159bd4e6', '618daad78f14d55c1b8dac725a649de5', '525930c7ad0bccece9ba07a2128a64d0', '2022-23', 46766.00, 9353.20, 37412.80, 42180.61, 8436.12, 33744.49, 10545.15, 10545.15, 10545.15, 10545.15, 4585.39, 0, false, NOW(), NOW());

INSERT INTO "BudgetAllocation" ("id", "schemeId", "ministryId", "fiscalYear", "allocated", "allocatedCapital", "allocatedRevenue", "utilized", "utilizedCapital", "utilizedRevenue", "expenditureQ1", "expenditureQ2", "expenditureQ3", "expenditureQ4", "surrendered", "supplementaryDemands", "anomalyFlag", "createdAt", "updatedAt") VALUES
('1831fe2b765c5f4e84ab4625b019f32c', '618daad78f14d55c1b8dac725a649de5', '525930c7ad0bccece9ba07a2128a64d0', '2023-24', 50507.28, 10101.46, 40405.82, 46107.05, 9221.41, 36885.64, 11526.76, 11526.76, 11526.76, 11526.76, 4400.23, 1, false, NOW(), NOW()),
('4c36249c4ce14e109512df823aee1faf', '618daad78f14d55c1b8dac725a649de5', '525930c7ad0bccece9ba07a2128a64d0', '2024-25', 54248.56, 10849.71, 43398.85, 28835.35, 5767.07, 23068.28, 7208.84, 7208.84, 7208.84, 7208.84, 25413.21, 0, false, NOW(), NOW()),
('7103cf46838ce2b6c41ddabac79907cd', 'aa37998535d115af2103444a28263f6a', 'bd8a1bdc01827193889e256fe96b9d0c', '2022-23', 11187.00, 2237.40, 8949.60, 10005.48, 2001.10, 8004.39, 2501.37, 2501.37, 2501.37, 2501.37, 1181.52, 0, false, NOW(), NOW()),
('e6ed076f03ce9a31d0c9ee16af125f1f', 'aa37998535d115af2103444a28263f6a', 'bd8a1bdc01827193889e256fe96b9d0c', '2023-24', 12081.96, 2416.39, 9665.57, 11168.41, 2233.68, 8934.73, 2792.10, 2792.10, 2792.10, 2792.10, 913.55, 1, false, NOW(), NOW()),
('67295fe6043147210c5160570de346d4', 'aa37998535d115af2103444a28263f6a', 'bd8a1bdc01827193889e256fe96b9d0c', '2024-25', 12976.92, 2595.38, 10381.54, 5840.81, 1168.16, 4672.65, 1460.20, 1460.20, 1460.20, 1460.20, 7136.11, 1, false, NOW(), NOW()),
('97040913a4318a189e4f8716004721ef', '7ce7a68e2fc214b71560291408f0c324', 'bd8a1bdc01827193889e256fe96b9d0c', '2022-23', 41968.00, 8393.60, 33574.40, 33846.53, 6769.31, 27077.23, 8461.63, 8461.63, 8461.63, 8461.63, 8121.47, 2, false, NOW(), NOW()),
('af5c5e22c8c5bf6a588dcc26b5bfbdb1', '7ce7a68e2fc214b71560291408f0c324', 'bd8a1bdc01827193889e256fe96b9d0c', '2023-24', 45325.44, 9065.09, 36260.35, 37603.28, 7520.66, 30082.62, 9400.82, 9400.82, 9400.82, 9400.82, 7722.16, 1, true, NOW(), NOW()),
('10fc4d58243bc658369907ec5b79c9bd', '7ce7a68e2fc214b71560291408f0c324', 'bd8a1bdc01827193889e256fe96b9d0c', '2024-25', 48682.88, 9736.58, 38946.30, 25287.79, 5057.56, 20230.23, 6321.95, 6321.95, 6321.95, 6321.95, 23395.09, 2, false, NOW(), NOW()),
('d78f077b91a7616834b4dca9ef38cb18', 'c9ac412428ee5bfb1cec92ffa0699a42', 'ae3485ee447eba039fd65b477123d29d', '2022-23', 44102.00, 8820.40, 35281.60, 39192.76, 7838.55, 31354.21, 9798.19, 9798.19, 9798.19, 9798.19, 4909.24, 0, false, NOW(), NOW()),
('74ccd9f0d6c4593341a0148907dd26e0', 'c9ac412428ee5bfb1cec92ffa0699a42', 'ae3485ee447eba039fd65b477123d29d', '2023-24', 47630.16, 9526.03, 38104.13, 39364.94, 7872.99, 31491.95, 9841.23, 9841.23, 9841.23, 9841.23, 8265.22, 0, false, NOW(), NOW()),
('f62dd35e6985ddbf43bf24f739cd6e85', 'c9ac412428ee5bfb1cec92ffa0699a42', 'ae3485ee447eba039fd65b477123d29d', '2024-25', 51158.32, 10231.66, 40926.66, 27488.39, 5497.68, 21990.71, 6872.10, 6872.10, 6872.10, 6872.10, 23669.93, 2, false, NOW(), NOW()),
('c7d3582370fed5cb2bb39b7631d43163', 'bb86289bb6044f64959db45877971078', 'ae3485ee447eba039fd65b477123d29d', '2022-23', 12507.00, 2501.40, 10005.60, 10857.40, 2171.48, 8685.92, 2714.35, 2714.35, 2714.35, 2714.35, 1649.60, 2, false, NOW(), NOW()),
('a23b29f8443981c96029f777dd72f8d5', 'bb86289bb6044f64959db45877971078', 'ae3485ee447eba039fd65b477123d29d', '2023-24', 13507.56, 2701.51, 10806.05, 12293.63, 2458.73, 9834.90, 3073.41, 3073.41, 3073.41, 3073.41, 1213.93, 2, true, NOW(), NOW()),
('5a3147d16ae5e9c24f93648dbe0c0f36', 'bb86289bb6044f64959db45877971078', 'ae3485ee447eba039fd65b477123d29d', '2024-25', 14508.12, 2901.62, 11606.50, 7948.46, 1589.69, 6358.77, 1987.11, 1987.11, 1987.11, 1987.11, 6559.66, 0, false, NOW(), NOW()),
('e6d6eae4794aba99f425c0fbf6dbde53', '1f5030cf73e9be0e0b34e4d153b9d099', 'e7eaef141400e12b7cb1c213811daca9', '2022-23', 12393.00, 2478.60, 9914.40, 11752.62, 2350.52, 9402.10, 2938.15, 2938.15, 2938.15, 2938.15, 640.38, 2, false, NOW(), NOW()),
('5517388c56bc71f451ff2e1c14acf67a', '1f5030cf73e9be0e0b34e4d153b9d099', 'e7eaef141400e12b7cb1c213811daca9', '2023-24', 13384.44, 2676.89, 10707.55, 11764.94, 2352.99, 9411.95, 2941.23, 2941.23, 2941.23, 2941.23, 1619.50, 0, false, NOW(), NOW()),
('2dcda00301e1c16b8e2702328e670165', '1f5030cf73e9be0e0b34e4d153b9d099', 'e7eaef141400e12b7cb1c213811daca9', '2024-25', 14375.88, 2875.18, 11500.70, 7338.43, 1467.69, 5870.75, 1834.61, 1834.61, 1834.61, 1834.61, 7037.45, 1, false, NOW(), NOW()),
('ef5cfb1c4d142f53042ddbff02d055f6', 'd4383d6ce7f27597cc127aebd7ef0cdc', 'e7eaef141400e12b7cb1c213811daca9', '2022-23', 35772.00, 7154.40, 28617.60, 29097.15, 5819.43, 23277.72, 7274.29, 7274.29, 7274.29, 7274.29, 6674.85, 2, false, NOW(), NOW()),
('8714d014a3fb4d1ce160af500b37af8d', 'd4383d6ce7f27597cc127aebd7ef0cdc', 'e7eaef141400e12b7cb1c213811daca9', '2023-24', 38633.76, 7726.75, 30907.01, 33148.27, 6629.65, 26518.62, 8287.07, 8287.07, 8287.07, 8287.07, 5485.49, 0, false, NOW(), NOW()),
('e8a94c7408430fed5fa2c556a8f3549c', 'd4383d6ce7f27597cc127aebd7ef0cdc', 'e7eaef141400e12b7cb1c213811daca9', '2024-25', 41495.52, 8299.10, 33196.42, 19850.54, 3970.11, 15880.43, 4962.64, 4962.64, 4962.64, 4962.64, 21644.98, 0, false, NOW(), NOW()),
('b590777eee1f58f505ee8f3c6aec6d34', 'bc28b7f853ce6e3d4a5e24809503f8d5', '3acba06cfd1bb829f92e64bb1a7b3241', '2022-23', 15164.00, 3032.80, 12131.20, 12919.36, 2583.87, 10335.49, 3229.84, 3229.84, 3229.84, 3229.84, 2244.64, 0, false, NOW(), NOW()),
('98c03503d448e65e8a233ec6f9dcaf09', 'bc28b7f853ce6e3d4a5e24809503f8d5', '3acba06cfd1bb829f92e64bb1a7b3241', '2023-24', 16377.12, 3275.42, 13101.70, 13136.86, 2627.37, 10509.48, 3284.21, 3284.21, 3284.21, 3284.21, 3240.26, 1, false, NOW(), NOW()),
('1525b35a9e196264100b47a948c0cb87', 'bc28b7f853ce6e3d4a5e24809503f8d5', '3acba06cfd1bb829f92e64bb1a7b3241', '2024-25', 17590.24, 3518.05, 14072.19, 8968.27, 1793.65, 7174.62, 2242.07, 2242.07, 2242.07, 2242.07, 8621.97, 1, false, NOW(), NOW()),
('a407e4a7bb81d93ceb7b91b716bc2304', '19d764499e69c3379eb55490ac4ead17', '3acba06cfd1bb829f92e64bb1a7b3241', '2022-23', 57001.00, 11400.20, 45600.80, 49014.97, 9802.99, 39211.98, 12253.74, 12253.74, 12253.74, 12253.74, 7986.03, 0, false, NOW(), NOW()),
('365f3546633788d0a34c50a5d2aa7b05', '19d764499e69c3379eb55490ac4ead17', '3acba06cfd1bb829f92e64bb1a7b3241', '2023-24', 61561.08, 12312.22, 49248.86, 55310.67, 11062.13, 44248.54, 13827.67, 13827.67, 13827.67, 13827.67, 6250.41, 2, false, NOW(), NOW()),
('80ef2dfea190c506d3524ac905610d5b', '19d764499e69c3379eb55490ac4ead17', '3acba06cfd1bb829f92e64bb1a7b3241', '2024-25', 66121.16, 13224.23, 52896.93, 34375.66, 6875.13, 27500.53, 8593.92, 8593.92, 8593.92, 8593.92, 31745.50, 2, false, NOW(), NOW()),
('a2ca21422cb09e078bd1b2cd35352c0b', '43fc5b15a67cdb34f78c409c394ce648', 'ac31e6b9d46153575425140dbb70c2d3', '2022-23', 20407.00, 4081.40, 16325.60, 16639.21, 3327.84, 13311.37, 4159.80, 4159.80, 4159.80, 4159.80, 3767.79, 0, false, NOW(), NOW()),
('a643c4f863321dbf9a67652df43a7791', '43fc5b15a67cdb34f78c409c394ce648', 'ac31e6b9d46153575425140dbb70c2d3', '2023-24', 22039.56, 4407.91, 17631.65, 20584.98, 4117.00, 16467.98, 5146.24, 5146.24, 5146.24, 5146.24, 1454.58, 0, false, NOW(), NOW()),
('a768d4bc6360fb71061ae00f3bd57969', '43fc5b15a67cdb34f78c409c394ce648', 'ac31e6b9d46153575425140dbb70c2d3', '2024-25', 23672.12, 4734.42, 18937.70, 11885.97, 2377.19, 9508.77, 2971.49, 2971.49, 2971.49, 2971.49, 11786.15, 1, false, NOW(), NOW()),
('828f0a5a0eb7663e5afb3a50d0ea2224', '75b7f0fe4446d39799500d08a7910dfd', 'ac31e6b9d46153575425140dbb70c2d3', '2022-23', 52522.00, 10504.40, 42017.60, 44924.57, 8984.91, 35939.65, 11231.14, 11231.14, 11231.14, 11231.14, 7597.43, 1, false, NOW(), NOW()),
('f25d213c5244e460292187a6e83db3c6', '75b7f0fe4446d39799500d08a7910dfd', 'ac31e6b9d46153575425140dbb70c2d3', '2023-24', 56723.76, 11344.75, 45379.01, 45464.58, 9092.92, 36371.67, 11366.15, 11366.15, 11366.15, 11366.15, 11259.18, 0, false, NOW(), NOW()),
('be273c52ca11ab9b768bfdf4d7899c08', '75b7f0fe4446d39799500d08a7910dfd', 'ac31e6b9d46153575425140dbb70c2d3', '2024-25', 60925.52, 12185.10, 48740.42, 27573.48, 5514.70, 22058.78, 6893.37, 6893.37, 6893.37, 6893.37, 33352.04, 0, false, NOW(), NOW()),
('ad8eba542b5668677aff5b40a6a55428', '316e484797a95efec5ad3c7daf5e3cdc', 'f9476ebb0699902d698677e2741dd894', '2022-23', 59252.00, 11850.40, 47401.60, 49248.76, 9849.75, 39399.01, 12312.19, 12312.19, 12312.19, 12312.19, 10003.24, 0, false, NOW(), NOW()),
('1b80ab50842e7c557e377ccf8abebdb2', '316e484797a95efec5ad3c7daf5e3cdc', 'f9476ebb0699902d698677e2741dd894', '2023-24', 63992.16, 12798.43, 51193.73, 51570.66, 10314.13, 41256.53, 12892.66, 12892.66, 12892.66, 12892.66, 12421.50, 1, false, NOW(), NOW()),
('de8123e40dc54989b5b005791646e82e', '316e484797a95efec5ad3c7daf5e3cdc', 'f9476ebb0699902d698677e2741dd894', '2024-25', 68732.32, 13746.46, 54985.86, 32591.29, 6518.26, 26073.03, 8147.82, 8147.82, 8147.82, 8147.82, 36141.03, 1, false, NOW(), NOW()),
('a1906b4fbd3a50da3c6e21478269e161', 'bd9c0362cb64d35017a745762eb36acb', 'f9476ebb0699902d698677e2741dd894', '2022-23', 14933.00, 2986.60, 11946.40, 12579.00, 2515.80, 10063.20, 3144.75, 3144.75, 3144.75, 3144.75, 2354.00, 0, false, NOW(), NOW()),
('10de2e1fe65cf3e3c0af896b2a400fb9', 'bd9c0362cb64d35017a745762eb36acb', 'f9476ebb0699902d698677e2741dd894', '2023-24', 16127.64, 3225.53, 12902.11, 13557.58, 2711.52, 10846.07, 3389.40, 3389.40, 3389.40, 3389.40, 2570.06, 0, false, NOW(), NOW()),
('5c646c4786b2f8b0416c794d111ccde0', 'bd9c0362cb64d35017a745762eb36acb', 'f9476ebb0699902d698677e2741dd894', '2024-25', 17322.28, 3464.46, 13857.82, 9123.09, 1824.62, 7298.47, 2280.77, 2280.77, 2280.77, 2280.77, 8199.19, 2, false, NOW(), NOW()),
('fa90521d6826ca7221cbe4371d1da0e0', '70756344eafa098376516b52b004424e', 'f1f1f782fcf0c1aabe3f43b24894adb6', '2022-23', 50857.00, 10171.40, 40685.60, 42696.97, 8539.39, 34157.58, 10674.24, 10674.24, 10674.24, 10674.24, 8160.03, 1, false, NOW(), NOW()),
('5d2d7f9d42ac06d01e4d7625ef2688c8', '70756344eafa098376516b52b004424e', 'f1f1f782fcf0c1aabe3f43b24894adb6', '2023-24', 54925.56, 10985.11, 43940.45, 47689.18, 9537.84, 38151.35, 11922.30, 11922.30, 11922.30, 11922.30, 7236.38, 2, false, NOW(), NOW()),
('31a7b32dafe21949712dd70430089c2a', '70756344eafa098376516b52b004424e', 'f1f1f782fcf0c1aabe3f43b24894adb6', '2024-25', 58994.12, 11798.82, 47195.30, 28948.12, 5789.62, 23158.50, 7237.03, 7237.03, 7237.03, 7237.03, 30046.00, 0, true, NOW(), NOW()),
('98bfcfdf6deef6451f8f50a6c4eb1fae', '938eafa6ca62e2a56d053d652d855757', 'f1f1f782fcf0c1aabe3f43b24894adb6', '2022-23', 53574.00, 10714.80, 42859.20, 48472.85, 9694.57, 38778.28, 12118.21, 12118.21, 12118.21, 12118.21, 5101.15, 0, true, NOW(), NOW()),
('378aebd0a845d130d88e56f05279c453', '938eafa6ca62e2a56d053d652d855757', 'f1f1f782fcf0c1aabe3f43b24894adb6', '2023-24', 57859.92, 11571.98, 46287.94, 48984.39, 9796.88, 39187.51, 12246.10, 12246.10, 12246.10, 12246.10, 8875.53, 1, true, NOW(), NOW()),
('0f14668929af957a5ce199f22396b2e7', '938eafa6ca62e2a56d053d652d855757', 'f1f1f782fcf0c1aabe3f43b24894adb6', '2024-25', 62145.84, 12429.17, 49716.67, 28776.38, 5755.28, 23021.10, 7194.09, 7194.09, 7194.09, 7194.09, 33369.46, 0, false, NOW(), NOW()),
('a1d3256dda01f464df7443c202a2dbdf', '56bacb895d09a6eb6ed329849bef351b', '5a9cd8b007733465acf90056aa4e759c', '2022-23', 13744.00, 2748.80, 10995.20, 11302.59, 2260.52, 9042.07, 2825.65, 2825.65, 2825.65, 2825.65, 2441.41, 0, false, NOW(), NOW()),
('1185b246248744b8c2d13dae16f700c9', '56bacb895d09a6eb6ed329849bef351b', '5a9cd8b007733465acf90056aa4e759c', '2023-24', 14843.52, 2968.70, 11874.82, 11920.36, 2384.07, 9536.29, 2980.09, 2980.09, 2980.09, 2980.09, 2923.16, 2, false, NOW(), NOW()),
('fa2198b001300260315b64b056ab61f6', '56bacb895d09a6eb6ed329849bef351b', '5a9cd8b007733465acf90056aa4e759c', '2024-25', 15943.04, 3188.61, 12754.43, 7429.00, 1485.80, 5943.20, 1857.25, 1857.25, 1857.25, 1857.25, 8514.04, 2, false, NOW(), NOW()),
('14c19b5173a19fb4a38f1925ece4f4ff', '8d77c6e94d36a8a808dbb39651cc4f55', '5a9cd8b007733465acf90056aa4e759c', '2022-23', 37761.00, 7552.20, 30208.80, 35526.97, 7105.39, 28421.57, 8881.74, 8881.74, 8881.74, 8881.74, 2234.03, 0, false, NOW(), NOW()),
('f9e8f937873ab1fb2925af24921056f1', '8d77c6e94d36a8a808dbb39651cc4f55', '5a9cd8b007733465acf90056aa4e759c', '2023-24', 40781.88, 8156.38, 32625.50, 38393.56, 7678.71, 30714.85, 9598.39, 9598.39, 9598.39, 9598.39, 2388.32, 1, false, NOW(), NOW()),
('2ecb3a0b671ee04d15e74b5f318f7c38', '8d77c6e94d36a8a808dbb39651cc4f55', '5a9cd8b007733465acf90056aa4e759c', '2024-25', 43802.76, 8760.55, 35042.21, 23160.12, 4632.02, 18528.10, 5790.03, 5790.03, 5790.03, 5790.03, 20642.64, 2, false, NOW(), NOW());

INSERT INTO "OutputData" ("id", "schemeId", "fiscalYear", "physicalTargetValue", "physicalAchievedValue", "physicalUnit", "beneficiaryTarget", "beneficiaryAchieved", "timelinessScore", "qualityComplianceScore", "geoDistributionIndex", "dataSource", "createdAt", "updatedAt") VALUES
('7fa85553b39fa97988a84104835cb644', 'c093f335fd3b43ac9b1bc170f83e6cad', '2022-23', 599.00, 532.00, 'Units', 59900, 54264, 79.91, 88.86, 86.60, 'OOMF Dashboard', NOW(), NOW()),
('ac252035e766dd4d81a017c3caa947cc', 'c093f335fd3b43ac9b1bc170f83e6cad', '2023-24', 646.00, 579.00, 'Units', 64600, 59058, 93.67, 84.70, 67.06, 'OOMF Dashboard', NOW(), NOW()),
('e91ca4846a897bc9525289f514913e29', 'c093f335fd3b43ac9b1bc170f83e6cad', '2024-25', 694.00, 351.00, 'Units', 69400, 35802, 75.43, 81.74, 92.19, 'OOMF Dashboard', NOW(), NOW()),
('eb6b62fdf895441568e21aa6bba00df4', '06d6e3a1b23807edabac7cb41e0b531e', '2022-23', 193.00, 182.00, 'Units', 19300, 18564, 83.53, 93.50, 80.61, 'OOMF Dashboard', NOW(), NOW()),
('3b0cadd6f2025db463b3cdcc76010bc7', '06d6e3a1b23807edabac7cb41e0b531e', '2023-24', 209.00, 173.00, 'Units', 20900, 17646, 93.62, 88.43, 69.39, 'OOMF Dashboard', NOW(), NOW()),
('6554e072b2094b1922359914d58e6fab', '06d6e3a1b23807edabac7cb41e0b531e', '2024-25', 224.00, 121.00, 'Units', 22400, 12342, 90.38, 91.67, 79.04, 'OOMF Dashboard', NOW(), NOW()),
('57681e89662646f0532659aa569c6315', 'bb3ceb17251d193685d1631145aa8bd2', '2022-23', 252.00, 223.00, 'Units', 25200, 22746, 75.84, 80.30, 83.89, 'OOMF Dashboard', NOW(), NOW()),
('b5dbc44c5eec1ef47451ede1b5fb0793', 'bb3ceb17251d193685d1631145aa8bd2', '2023-24', 273.00, 225.00, 'Units', 27300, 22950, 77.81, 81.50, 73.18, 'OOMF Dashboard', NOW(), NOW()),
('a80ef1a4a9eb4a0015951381fa1c2a45', 'bb3ceb17251d193685d1631145aa8bd2', '2024-25', 293.00, 144.00, 'Units', 29300, 14688, 83.58, 88.68, 88.79, 'OOMF Dashboard', NOW(), NOW()),
('7d18452f386dd63b061ea933bb124748', '79f318265fbb3566e828b23c490be6bd', '2022-23', 407.00, 381.00, 'Units', 40700, 38862, 91.12, 93.36, 86.90, 'OOMF Dashboard', NOW(), NOW()),
('98603b8a5ab938359252685c34454e87', '79f318265fbb3566e828b23c490be6bd', '2023-24', 440.00, 353.00, 'Units', 44000, 36006, 90.59, 90.90, 60.47, 'OOMF Dashboard', NOW(), NOW()),
('a3e83fc81c72a73d097b398eb0288d62', '79f318265fbb3566e828b23c490be6bd', '2024-25', 472.00, 237.00, 'Units', 47200, 24174, 91.40, 92.03, 63.24, 'OOMF Dashboard', NOW(), NOW()),
('a7dd8e6bae533ad7871757e7cb416524', '80e178686a879e21459d42fd5247cd78', '2022-23', 531.00, 466.00, 'Units', 53100, 47532, 86.00, 81.87, 78.84, 'OOMF Dashboard', NOW(), NOW()),
('c209e2c38a065559b221b9c258736f74', '80e178686a879e21459d42fd5247cd78', '2023-24', 573.00, 495.00, 'Units', 57300, 50490, 93.26, 90.58, 90.80, 'OOMF Dashboard', NOW(), NOW()),
('2d5b36ba598617fa0782371d66f968d8', '80e178686a879e21459d42fd5247cd78', '2024-25', 616.00, 323.00, 'Units', 61600, 32946, 80.32, 92.98, 92.28, 'OOMF Dashboard', NOW(), NOW()),
('cfa6a0f8589d64cd9756e0618d71c924', '8d55c1aafe95c0df60fbfeaf909538e1', '2022-23', 526.00, 469.00, 'Units', 52600, 47838, 85.17, 86.14, 71.46, 'OOMF Dashboard', NOW(), NOW()),
('84bb4983a6727f4c35eef1fe4dec084b', '8d55c1aafe95c0df60fbfeaf909538e1', '2023-24', 568.00, 476.00, 'Units', 56800, 48552, 90.68, 85.91, 63.34, 'OOMF Dashboard', NOW(), NOW()),
('2951f922ce75780142751682beb23845', '8d55c1aafe95c0df60fbfeaf909538e1', '2024-25', 611.00, 327.00, 'Units', 61100, 33354, 81.79, 94.20, 87.61, 'OOMF Dashboard', NOW(), NOW()),
('7f1a6bdabbb6b61598e6f4949aff245c', 'a43c549cfae9e8a1edae0c8363b06ab6', '2022-23', 126.00, 100.00, 'Units', 12600, 10200, 76.06, 88.85, 88.93, 'OOMF Dashboard', NOW(), NOW()),
('6e0d08ad91a137508af9fa3e4a2f00a9', 'a43c549cfae9e8a1edae0c8363b06ab6', '2023-24', 136.00, 124.00, 'Units', 13600, 12648, 91.58, 83.34, 60.02, 'OOMF Dashboard', NOW(), NOW()),
('33681ec69b909d8b9fac66386becbdb2', 'a43c549cfae9e8a1edae0c8363b06ab6', '2024-25', 146.00, 67.00, 'Units', 14600, 6834, 77.42, 87.80, 72.19, 'OOMF Dashboard', NOW(), NOW()),
('b07bd7bb2097566c91e1b16a300c7850', '53f6b140df97df2536d42f7fa00505b9', '2022-23', 538.00, 443.00, 'Units', 53800, 45186, 78.90, 86.47, 67.55, 'OOMF Dashboard', NOW(), NOW()),
('3d8c63e8cd9abeb6326e42a65896981a', '53f6b140df97df2536d42f7fa00505b9', '2023-24', 582.00, 494.00, 'Units', 58200, 50388, 78.29, 91.13, 93.32, 'OOMF Dashboard', NOW(), NOW()),
('090c63e9c8978f1760ab93f183d38998', '53f6b140df97df2536d42f7fa00505b9', '2024-25', 625.00, 287.00, 'Units', 62500, 29274, 92.64, 89.45, 71.06, 'OOMF Dashboard', NOW(), NOW()),
('563d596f5e3b5fa4582c45178678e951', '86fab431c35332be8eb447a04b443454', '2022-23', 552.00, 457.00, 'Units', 55200, 46614, 94.77, 80.69, 62.90, 'OOMF Dashboard', NOW(), NOW()),
('f4832b5b523c45ba18cb2c5d1695607a', '86fab431c35332be8eb447a04b443454', '2023-24', 596.00, 482.00, 'Units', 59600, 49164, 84.12, 89.65, 85.22, 'OOMF Dashboard', NOW(), NOW()),
('252cee7503d7d994b457a3e4e9adff6c', '86fab431c35332be8eb447a04b443454', '2024-25', 640.00, 309.00, 'Units', 64000, 31518, 83.23, 94.23, 72.62, 'OOMF Dashboard', NOW(), NOW()),
('03ea3eaf81c306303b031d436bec6006', '7226269fe1be1100f2d38d32852b938e', '2022-23', 219.00, 192.00, 'Units', 21900, 19584, 76.97, 93.96, 87.99, 'OOMF Dashboard', NOW(), NOW()),
('d29bab48e7adb51b3fc90d23b3ef499b', '7226269fe1be1100f2d38d32852b938e', '2023-24', 236.00, 199.00, 'Units', 23600, 20298, 89.62, 94.34, 65.99, 'OOMF Dashboard', NOW(), NOW()),
('bc48d3a7661d168367d600207cb571c6', '7226269fe1be1100f2d38d32852b938e', '2024-25', 254.00, 127.00, 'Units', 25400, 12954, 87.02, 94.76, 82.23, 'OOMF Dashboard', NOW(), NOW()),
('f49421eb5a015eebdb5c11f94ab3ba2c', 'fb3c20adbeb1afd2cb1293e01c9d3d5b', '2022-23', 123.00, 114.00, 'Units', 12300, 11628, 81.77, 91.29, 85.86, 'OOMF Dashboard', NOW(), NOW()),
('76314ace8c1262b24ac71c25d4a5da99', 'fb3c20adbeb1afd2cb1293e01c9d3d5b', '2023-24', 133.00, 121.00, 'Units', 13300, 12342, 84.66, 85.21, 76.10, 'OOMF Dashboard', NOW(), NOW()),
('47a6d595b6a10f386f4fd63a6d7dd634', 'fb3c20adbeb1afd2cb1293e01c9d3d5b', '2024-25', 143.00, 71.00, 'Units', 14300, 7242, 81.32, 84.92, 62.85, 'OOMF Dashboard', NOW(), NOW()),
('c916996d9b2d67baa65574e235969453', '0ab420f720e4ed7626c6f53b067a812c', '2022-23', 114.00, 92.00, 'Units', 11400, 9384, 81.85, 87.92, 66.08, 'OOMF Dashboard', NOW(), NOW()),
('11f0d2886b51ac320de5b1bd497b9af0', '0ab420f720e4ed7626c6f53b067a812c', '2023-24', 123.00, 98.00, 'Units', 12300, 9996, 93.52, 86.92, 67.65, 'OOMF Dashboard', NOW(), NOW()),
('5cfb1e38b1899ccfc7e766272172991a', '0ab420f720e4ed7626c6f53b067a812c', '2024-25', 132.00, 68.00, 'Units', 13200, 6936, 82.80, 88.15, 61.57, 'OOMF Dashboard', NOW(), NOW()),
('8bf7e27d1a139275e7048214c0d3b786', '9011dba18d27c0cbce652e56861cf941', '2022-23', 104.00, 87.00, 'Units', 10400, 8874, 91.67, 88.18, 79.42, 'OOMF Dashboard', NOW(), NOW()),
('82efe05fe46420308c0b82e136f0ba81', '9011dba18d27c0cbce652e56861cf941', '2023-24', 112.00, 103.00, 'Units', 11200, 10506, 78.12, 87.74, 66.82, 'OOMF Dashboard', NOW(), NOW()),
('c0e9773a15425928e258903615bd1e5e', '9011dba18d27c0cbce652e56861cf941', '2024-25', 120.00, 57.00, 'Units', 12000, 5814, 81.99, 84.32, 71.60, 'OOMF Dashboard', NOW(), NOW()),
('fc37304d30a29f6464d49296e28e36e6', '7246bfbe393dd7c738bda807e17652f5', '2022-23', 478.00, 442.00, 'Units', 47800, 45084, 76.13, 84.56, 74.57, 'OOMF Dashboard', NOW(), NOW()),
('7959e4af41d52215741cf592739a0d6d', '7246bfbe393dd7c738bda807e17652f5', '2023-24', 516.00, 421.00, 'Units', 51600, 42942, 90.10, 91.28, 90.90, 'OOMF Dashboard', NOW(), NOW()),
('dfcc22895a48f334052e86490db714fe', '7246bfbe393dd7c738bda807e17652f5', '2024-25', 554.00, 252.00, 'Units', 55400, 25704, 88.04, 83.76, 66.27, 'OOMF Dashboard', NOW(), NOW()),
('de7c0b7e5df3257ad96a4110bf1aafb8', '37bfcaf53d855151ddee5543aeb9d9ae', '2022-23', 182.00, 152.00, 'Units', 18200, 15504, 94.53, 84.17, 92.81, 'OOMF Dashboard', NOW(), NOW()),
('dbcac1c701220651ae22b52d86ee0ffc', '37bfcaf53d855151ddee5543aeb9d9ae', '2023-24', 197.00, 167.00, 'Units', 19700, 17034, 77.21, 81.76, 76.73, 'OOMF Dashboard', NOW(), NOW()),
('308c118b2bf7c4a1912aded3c3d7cf9f', '37bfcaf53d855151ddee5543aeb9d9ae', '2024-25', 212.00, 105.00, 'Units', 21200, 10710, 85.54, 90.00, 72.86, 'OOMF Dashboard', NOW(), NOW()),
('83bf44ccf8c5540ad6634a7f23c43fab', '0f69488a63473a83790ea0676ecd9a8e', '2022-23', 303.00, 261.00, 'Units', 30300, 26622, 92.92, 93.43, 92.81, 'OOMF Dashboard', NOW(), NOW()),
('c1f1dc0783d5585d0097f6ee23ae1a22', '0f69488a63473a83790ea0676ecd9a8e', '2023-24', 327.00, 278.00, 'Units', 32700, 28356, 88.66, 87.02, 91.73, 'OOMF Dashboard', NOW(), NOW()),
('9e70fb9f354d1d265a92c2b9c249bc59', '0f69488a63473a83790ea0676ecd9a8e', '2024-25', 352.00, 161.00, 'Units', 35200, 16422, 84.83, 84.73, 87.40, 'OOMF Dashboard', NOW(), NOW()),
('0e85afafbb504fac4a9eaaa16f1f04e9', '08cb3f55b917a101d1b0bb4b78eee96f', '2022-23', 592.00, 504.00, 'Units', 59200, 51408, 77.28, 86.29, 64.32, 'OOMF Dashboard', NOW(), NOW()),
('184949c48d527bddc911783be8c7467b', '08cb3f55b917a101d1b0bb4b78eee96f', '2023-24', 640.00, 581.00, 'Units', 64000, 59262, 78.88, 92.19, 84.69, 'OOMF Dashboard', NOW(), NOW());

INSERT INTO "OutputData" ("id", "schemeId", "fiscalYear", "physicalTargetValue", "physicalAchievedValue", "physicalUnit", "beneficiaryTarget", "beneficiaryAchieved", "timelinessScore", "qualityComplianceScore", "geoDistributionIndex", "dataSource", "createdAt", "updatedAt") VALUES
('5a99872993d3dc38916e9d9337683c39', '08cb3f55b917a101d1b0bb4b78eee96f', '2024-25', 687.00, 343.00, 'Units', 68700, 34986, 77.34, 88.61, 69.10, 'OOMF Dashboard', NOW(), NOW()),
('7ad8d0c9a159bb77e81b4ab4f6044e1d', 'c6967c6ba11bf53014c51c895ab6eb4e', '2022-23', 260.00, 210.00, 'Units', 26000, 21420, 87.68, 92.77, 67.78, 'OOMF Dashboard', NOW(), NOW()),
('b72d4d2294df28a19fa670fab00e703a', 'c6967c6ba11bf53014c51c895ab6eb4e', '2023-24', 281.00, 266.00, 'Units', 28100, 27132, 76.96, 84.81, 89.91, 'OOMF Dashboard', NOW(), NOW()),
('f5c372fb483dae7fcf53c6b9d7bf9c3c', 'c6967c6ba11bf53014c51c895ab6eb4e', '2024-25', 302.00, 159.00, 'Units', 30200, 16218, 83.54, 80.74, 60.06, 'OOMF Dashboard', NOW(), NOW()),
('7964d043ddb1db7307f2a4eb5c22191b', 'f9365e4a36c5e9d473dc328628abe367', '2022-23', 158.00, 149.00, 'Units', 15800, 15198, 90.48, 90.29, 81.01, 'OOMF Dashboard', NOW(), NOW()),
('a12976bc986af5574741e3997ce779e8', 'f9365e4a36c5e9d473dc328628abe367', '2023-24', 170.00, 143.00, 'Units', 17000, 14586, 88.72, 82.43, 86.88, 'OOMF Dashboard', NOW(), NOW()),
('19592dae0b27c6e5092cc1a9ca7d152a', 'f9365e4a36c5e9d473dc328628abe367', '2024-25', 183.00, 82.00, 'Units', 18300, 8364, 93.05, 83.30, 74.43, 'OOMF Dashboard', NOW(), NOW()),
('2483cc6551dcc2ca98628f231f8c1cd5', '28079d1463dfa00dac7c7ad3bbcf2846', '2022-23', 444.00, 357.00, 'Units', 44400, 36414, 76.91, 82.53, 76.89, 'OOMF Dashboard', NOW(), NOW()),
('017770fa10b8270b69eb4cafa76a2759', '28079d1463dfa00dac7c7ad3bbcf2846', '2023-24', 480.00, 454.00, 'Units', 48000, 46308, 87.19, 87.96, 66.06, 'OOMF Dashboard', NOW(), NOW()),
('db3b5edbb16028cba21a8f0915f2cf6d', '28079d1463dfa00dac7c7ad3bbcf2846', '2024-25', 516.00, 251.00, 'Units', 51600, 25602, 92.34, 83.04, 92.16, 'OOMF Dashboard', NOW(), NOW()),
('ebbaf026ffd0936bb072efdcb91c42db', 'cf8ba01aa1389aa9eaeff36d0d292767', '2022-23', 353.00, 328.00, 'Units', 35300, 33456, 75.50, 92.17, 94.39, 'OOMF Dashboard', NOW(), NOW()),
('58d9fe187733fb0d8ef93b666cbb9e6d', 'cf8ba01aa1389aa9eaeff36d0d292767', '2023-24', 381.00, 335.00, 'Units', 38100, 34170, 78.22, 82.17, 83.80, 'OOMF Dashboard', NOW(), NOW()),
('17e32c773a2f2c60e0d7cfa64516bf54', 'cf8ba01aa1389aa9eaeff36d0d292767', '2024-25', 410.00, 202.00, 'Units', 41000, 20604, 86.51, 92.23, 64.99, 'OOMF Dashboard', NOW(), NOW()),
('d69c62f5252fc3e276c0e2e774488ffd', '33dbca639d8808864fd6f53ccc7a0809', '2022-23', 430.00, 369.00, 'Units', 43000, 37638, 84.71, 91.80, 91.59, 'OOMF Dashboard', NOW(), NOW()),
('3e5ae8e60f51c520250244406c81c9d8', '33dbca639d8808864fd6f53ccc7a0809', '2023-24', 464.00, 402.00, 'Units', 46400, 41004, 94.01, 89.39, 72.08, 'OOMF Dashboard', NOW(), NOW()),
('eb1bc757c694fe7079efe356e4b8e20a', '33dbca639d8808864fd6f53ccc7a0809', '2024-25', 498.00, 238.00, 'Units', 49800, 24276, 79.25, 81.37, 61.35, 'OOMF Dashboard', NOW(), NOW()),
('7982e1519aea2c722d78359e84ec8f76', '7db0f5a8b666a236d3bfa3b57e60488d', '2022-23', 346.00, 299.00, 'Units', 34600, 30498, 81.77, 91.13, 83.83, 'OOMF Dashboard', NOW(), NOW()),
('405bc6284baaa1184c0f35d612c9ae2c', '7db0f5a8b666a236d3bfa3b57e60488d', '2023-24', 374.00, 334.00, 'Units', 37400, 34068, 92.04, 88.45, 74.00, 'OOMF Dashboard', NOW(), NOW()),
('eba20ddf93ed62439a5fdc64f0e8702f', '7db0f5a8b666a236d3bfa3b57e60488d', '2024-25', 402.00, 195.00, 'Units', 40200, 19890, 90.39, 91.56, 83.31, 'OOMF Dashboard', NOW(), NOW()),
('deb0922ae970879a53bdd6751eedd775', '89e5305f216d7ecdc22e5f009af81079', '2022-23', 320.00, 281.00, 'Units', 32000, 28662, 81.23, 88.92, 73.93, 'OOMF Dashboard', NOW(), NOW()),
('123e4cf1756a9f2838a57ce0005a4f7c', '89e5305f216d7ecdc22e5f009af81079', '2023-24', 346.00, 317.00, 'Units', 34600, 32334, 79.35, 89.56, 77.65, 'OOMF Dashboard', NOW(), NOW()),
('0c854b601920b7eea4c58155a2f5821a', '89e5305f216d7ecdc22e5f009af81079', '2024-25', 372.00, 196.00, 'Units', 37200, 19992, 85.45, 87.77, 85.73, 'OOMF Dashboard', NOW(), NOW()),
('ed8c0803346fe585ac164add1a7ac324', 'e63f5c3fbb1457d8f594c7dce88d2abe', '2022-23', 491.00, 466.00, 'Units', 49100, 47532, 93.33, 93.06, 93.89, 'OOMF Dashboard', NOW(), NOW()),
('4b09ecb660d9b617198a5af142ad22f5', 'e63f5c3fbb1457d8f594c7dce88d2abe', '2023-24', 530.00, 436.00, 'Units', 53000, 44472, 84.46, 94.71, 90.21, 'OOMF Dashboard', NOW(), NOW()),
('83128a06dda1cea2827fd9ffe1d4c8cf', 'e63f5c3fbb1457d8f594c7dce88d2abe', '2024-25', 569.00, 301.00, 'Units', 56900, 30702, 81.78, 92.89, 89.05, 'OOMF Dashboard', NOW(), NOW()),
('b5d5b5cbb761a620ea88ae4c8af06d6f', '37c9d5a055f2e741803bbe471ea04746', '2022-23', 280.00, 229.00, 'Units', 28000, 23358, 89.81, 93.57, 78.96, 'OOMF Dashboard', NOW(), NOW()),
('07344b372f8eee216d98b94e8ef76703', '37c9d5a055f2e741803bbe471ea04746', '2023-24', 302.00, 259.00, 'Units', 30200, 26418, 85.91, 81.79, 75.23, 'OOMF Dashboard', NOW(), NOW()),
('4713c995519974530cfe5c768f581424', '37c9d5a055f2e741803bbe471ea04746', '2024-25', 324.00, 149.00, 'Units', 32400, 15198, 91.32, 94.93, 60.76, 'OOMF Dashboard', NOW(), NOW()),
('381d94eeffeb24cae104c85a65b5a673', 'ce744f7e5d648736efd12ae5ee52bf97', '2022-23', 132.00, 115.00, 'Units', 13200, 11730, 80.65, 88.27, 61.71, 'OOMF Dashboard', NOW(), NOW()),
('d25f89742b56c1a1855fd000377f644e', 'ce744f7e5d648736efd12ae5ee52bf97', '2023-24', 143.00, 117.00, 'Units', 14300, 11934, 87.95, 92.61, 76.33, 'OOMF Dashboard', NOW(), NOW()),
('3e9b3bada3f71bf198527c5202edbb42', 'ce744f7e5d648736efd12ae5ee52bf97', '2024-25', 153.00, 73.00, 'Units', 15300, 7446, 78.40, 92.16, 64.94, 'OOMF Dashboard', NOW(), NOW()),
('f9ce72064d47e746b64e3db520c1ffe6', 'b86a9e6d46f4986b772e0f3ca07d5141', '2022-23', 376.00, 342.00, 'Units', 37600, 34884, 75.00, 94.44, 81.94, 'OOMF Dashboard', NOW(), NOW()),
('6fbb0aeb423d1fa581b4418007fb1755', 'b86a9e6d46f4986b772e0f3ca07d5141', '2023-24', 406.00, 326.00, 'Units', 40600, 33252, 93.74, 92.60, 78.37, 'OOMF Dashboard', NOW(), NOW()),
('259af3ddbb99681919295bcd83066d14', 'b86a9e6d46f4986b772e0f3ca07d5141', '2024-25', 436.00, 224.00, 'Units', 43600, 22848, 75.57, 89.60, 87.63, 'OOMF Dashboard', NOW(), NOW()),
('4707ec281bb131b0e47b4065bc8c77ff', '8a9c30995d30fccd501b1c1f6e8cd336', '2022-23', 519.00, 490.00, 'Units', 51900, 49980, 86.72, 92.73, 78.49, 'OOMF Dashboard', NOW(), NOW()),
('7ec37576b8cd982ef59d6c72236f6fc4', '8a9c30995d30fccd501b1c1f6e8cd336', '2023-24', 561.00, 496.00, 'Units', 56100, 50592, 78.73, 87.06, 74.54, 'OOMF Dashboard', NOW(), NOW()),
('c72391058d8d6a1c7c286f200b63ade3', '8a9c30995d30fccd501b1c1f6e8cd336', '2024-25', 603.00, 322.00, 'Units', 60300, 32844, 76.76, 82.69, 68.98, 'OOMF Dashboard', NOW(), NOW()),
('462184029a5e4db1b609e55e36259853', '13275e4672ba50022c7a4a7fa431ab38', '2022-23', 597.00, 488.00, 'Units', 59700, 49776, 94.72, 88.23, 66.25, 'OOMF Dashboard', NOW(), NOW()),
('5b0c25396c086a69d41e2ebcc2572650', '13275e4672ba50022c7a4a7fa431ab38', '2023-24', 645.00, 599.00, 'Units', 64500, 61098, 94.64, 93.63, 72.41, 'OOMF Dashboard', NOW(), NOW()),
('42d6d218e68ff6ff68252cbf7d342f9e', '13275e4672ba50022c7a4a7fa431ab38', '2024-25', 693.00, 345.00, 'Units', 69300, 35190, 88.82, 82.26, 80.67, 'OOMF Dashboard', NOW(), NOW()),
('60901abd0779ac47eee1961df35c984b', '0c7748e35a8a564692e93f543bce0132', '2022-23', 327.00, 290.00, 'Units', 32700, 29580, 75.67, 94.60, 76.76, 'OOMF Dashboard', NOW(), NOW()),
('2a586df0f22a447f45739044db09c39c', '0c7748e35a8a564692e93f543bce0132', '2023-24', 353.00, 325.00, 'Units', 35300, 33150, 81.04, 86.87, 73.87, 'OOMF Dashboard', NOW(), NOW()),
('0ca65d9ecf170b4225c61c11403cfd87', '0c7748e35a8a564692e93f543bce0132', '2024-25', 379.00, 189.00, 'Units', 37900, 19278, 80.30, 83.21, 61.40, 'OOMF Dashboard', NOW(), NOW()),
('cba2254a0f0e59ee9b1017da6c20ed82', 'de3f3d0a64273cff51d3b13bcb4dfa0a', '2022-23', 246.00, 206.00, 'Units', 24600, 21012, 94.99, 80.52, 69.23, 'OOMF Dashboard', NOW(), NOW()),
('e935f6c971e37a501b372911bfe6afc2', 'de3f3d0a64273cff51d3b13bcb4dfa0a', '2023-24', 266.00, 214.00, 'Units', 26600, 21828, 76.98, 90.38, 88.39, 'OOMF Dashboard', NOW(), NOW()),
('be4f613738ac646bc4b0af127ed0af94', 'de3f3d0a64273cff51d3b13bcb4dfa0a', '2024-25', 285.00, 143.00, 'Units', 28500, 14586, 77.83, 88.04, 75.29, 'OOMF Dashboard', NOW(), NOW()),
('ecca47cf39215416b86c3b1e13a18742', '0bc2b936180818728e624526c6be7143', '2022-23', 501.00, 435.00, 'Units', 50100, 44370, 75.94, 84.83, 68.75, 'OOMF Dashboard', NOW(), NOW()),
('98f0b6eade7580c232117e68338e6f5e', '0bc2b936180818728e624526c6be7143', '2023-24', 541.00, 511.00, 'Units', 54100, 52122, 90.05, 82.82, 76.69, 'OOMF Dashboard', NOW(), NOW()),
('70c91ad8a0f6a2f043aa0a81888b1a85', '0bc2b936180818728e624526c6be7143', '2024-25', 581.00, 264.00, 'Units', 58100, 26928, 85.46, 92.28, 71.51, 'OOMF Dashboard', NOW(), NOW()),
('6070cf6255fa92a36307e9d53f1b3e8e', '618daad78f14d55c1b8dac725a649de5', '2022-23', 467.00, 421.00, 'Units', 46700, 42942, 90.55, 86.85, 62.37, 'OOMF Dashboard', NOW(), NOW());

INSERT INTO "OutputData" ("id", "schemeId", "fiscalYear", "physicalTargetValue", "physicalAchievedValue", "physicalUnit", "beneficiaryTarget", "beneficiaryAchieved", "timelinessScore", "qualityComplianceScore", "geoDistributionIndex", "dataSource", "createdAt", "updatedAt") VALUES
('08406832d5114c3e880ea4c908f9883d', '618daad78f14d55c1b8dac725a649de5', '2023-24', 505.00, 461.00, 'Units', 50500, 47022, 78.56, 87.41, 75.80, 'OOMF Dashboard', NOW(), NOW()),
('050b5776d0c91b99cd604e05a00a58ae', '618daad78f14d55c1b8dac725a649de5', '2024-25', 542.00, 288.00, 'Units', 54200, 29376, 92.19, 84.89, 66.07, 'OOMF Dashboard', NOW(), NOW()),
('59d9dd0674bb35b20daca36a21a6615b', 'aa37998535d115af2103444a28263f6a', '2022-23', 111.00, 99.00, 'Units', 11100, 10098, 89.08, 85.10, 72.17, 'OOMF Dashboard', NOW(), NOW()),
('2b10d7f233ebae52a4abc31619703f56', 'aa37998535d115af2103444a28263f6a', '2023-24', 120.00, 110.00, 'Units', 12000, 11220, 93.06, 90.84, 80.12, 'OOMF Dashboard', NOW(), NOW()),
('cff6bfb31c29c6fbe8e767486c1a1228', 'aa37998535d115af2103444a28263f6a', '2024-25', 129.00, 58.00, 'Units', 12900, 5916, 84.10, 84.53, 82.28, 'OOMF Dashboard', NOW(), NOW()),
('2f2e68b55e468266aff138463cd10d79', '7ce7a68e2fc214b71560291408f0c324', '2022-23', 419.00, 337.00, 'Units', 41900, 34374, 86.41, 84.28, 62.55, 'OOMF Dashboard', NOW(), NOW()),
('f630be6bf5382abedbb66719090878dd', '7ce7a68e2fc214b71560291408f0c324', '2023-24', 453.00, 375.00, 'Units', 45300, 38250, 77.78, 92.02, 92.68, 'OOMF Dashboard', NOW(), NOW()),
('ec20c5883b88a5a12feaca8a577719cc', '7ce7a68e2fc214b71560291408f0c324', '2024-25', 486.00, 252.00, 'Units', 48600, 25704, 83.42, 85.32, 91.75, 'OOMF Dashboard', NOW(), NOW()),
('2c157ebf80c6453f5362cf4d842d5571', 'c9ac412428ee5bfb1cec92ffa0699a42', '2022-23', 441.00, 391.00, 'Units', 44100, 39882, 80.05, 86.44, 61.94, 'OOMF Dashboard', NOW(), NOW()),
('288c1bedcab94a3ff0bb486cb7da6888', 'c9ac412428ee5bfb1cec92ffa0699a42', '2023-24', 476.00, 393.00, 'Units', 47600, 40086, 90.50, 86.75, 75.21, 'OOMF Dashboard', NOW(), NOW()),
('2628a8e78260dc2e7742cea0d278cd04', 'c9ac412428ee5bfb1cec92ffa0699a42', '2024-25', 511.00, 274.00, 'Units', 51100, 27948, 91.27, 86.29, 84.97, 'OOMF Dashboard', NOW(), NOW()),
('f63a75e29e30e09add159df7ecdfbf11', 'bb86289bb6044f64959db45877971078', '2022-23', 125.00, 108.00, 'Units', 12500, 11016, 78.42, 93.75, 71.59, 'OOMF Dashboard', NOW(), NOW()),
('6f651d25eb4c53ebe2b9552bd77094c1', 'bb86289bb6044f64959db45877971078', '2023-24', 135.00, 122.00, 'Units', 13500, 12444, 76.23, 86.38, 84.90, 'OOMF Dashboard', NOW(), NOW()),
('8ce2a2fb93d76dc2eeb54fb140ca8470', 'bb86289bb6044f64959db45877971078', '2024-25', 145.00, 79.00, 'Units', 14500, 8058, 87.82, 84.82, 83.80, 'OOMF Dashboard', NOW(), NOW()),
('21315e00925b961b1dd4c01444a432f1', '1f5030cf73e9be0e0b34e4d153b9d099', '2022-23', 123.00, 116.00, 'Units', 12300, 11832, 85.03, 94.59, 85.44, 'OOMF Dashboard', NOW(), NOW()),
('bef858ebf362ba2a4c9513bd3d1fc3d8', '1f5030cf73e9be0e0b34e4d153b9d099', '2023-24', 133.00, 116.00, 'Units', 13300, 11832, 87.51, 84.36, 77.30, 'OOMF Dashboard', NOW(), NOW()),
('4032e62e9c17bc88dec91dc89ba509df', '1f5030cf73e9be0e0b34e4d153b9d099', '2024-25', 143.00, 72.00, 'Units', 14300, 7344, 75.49, 91.33, 63.53, 'OOMF Dashboard', NOW(), NOW()),
('5ab815074678df4e597292fe6d0b5c58', 'd4383d6ce7f27597cc127aebd7ef0cdc', '2022-23', 357.00, 290.00, 'Units', 35700, 29580, 77.44, 83.27, 90.84, 'OOMF Dashboard', NOW(), NOW()),
('e147b381704b22dfd5f74457617e84f9', 'd4383d6ce7f27597cc127aebd7ef0cdc', '2023-24', 386.00, 331.00, 'Units', 38600, 33762, 94.65, 81.80, 73.48, 'OOMF Dashboard', NOW(), NOW()),
('10a24c33f1f2ed767a00cfdf952a6ced', 'd4383d6ce7f27597cc127aebd7ef0cdc', '2024-25', 414.00, 198.00, 'Units', 41400, 20196, 80.22, 90.51, 65.97, 'OOMF Dashboard', NOW(), NOW()),
('0a6407333692c3bcf36430157c7f32d7', 'bc28b7f853ce6e3d4a5e24809503f8d5', '2022-23', 151.00, 128.00, 'Units', 15100, 13056, 75.36, 86.33, 84.21, 'OOMF Dashboard', NOW(), NOW()),
('7e90aa5a0ddfde62e5cda2316ff6a0eb', 'bc28b7f853ce6e3d4a5e24809503f8d5', '2023-24', 163.00, 130.00, 'Units', 16300, 13260, 89.97, 81.48, 89.45, 'OOMF Dashboard', NOW(), NOW()),
('3c87ebcc4e04a028e7920d2f76380268', 'bc28b7f853ce6e3d4a5e24809503f8d5', '2024-25', 175.00, 89.00, 'Units', 17500, 9078, 89.19, 91.92, 84.96, 'OOMF Dashboard', NOW(), NOW()),
('9dccd5ac70d486969b5a11a3b8566fff', '19d764499e69c3379eb55490ac4ead17', '2022-23', 570.00, 490.00, 'Units', 57000, 49980, 82.97, 94.19, 89.12, 'OOMF Dashboard', NOW(), NOW()),
('d5a9a0224e6301f1133cdf434f86a039', '19d764499e69c3379eb55490ac4ead17', '2023-24', 615.00, 552.00, 'Units', 61500, 56304, 82.59, 93.40, 66.30, 'OOMF Dashboard', NOW(), NOW()),
('4fb4659b6e808893f9f3e5aab9591818', '19d764499e69c3379eb55490ac4ead17', '2024-25', 661.00, 343.00, 'Units', 66100, 34986, 75.22, 84.28, 83.62, 'OOMF Dashboard', NOW(), NOW()),
('4ed6e136dbc3f01372a69c29a2012b27', '43fc5b15a67cdb34f78c409c394ce648', '2022-23', 204.00, 166.00, 'Units', 20400, 16932, 82.21, 83.98, 73.41, 'OOMF Dashboard', NOW(), NOW()),
('0a1c8bbc5280249db7f746832cb31191', '43fc5b15a67cdb34f78c409c394ce648', '2023-24', 220.00, 205.00, 'Units', 22000, 20910, 78.82, 89.47, 92.77, 'OOMF Dashboard', NOW(), NOW()),
('97fea4cbe72abc56cb6a073e9bed5a2c', '43fc5b15a67cdb34f78c409c394ce648', '2024-25', 236.00, 118.00, 'Units', 23600, 12036, 80.24, 88.61, 76.74, 'OOMF Dashboard', NOW(), NOW()),
('a5b72e358188299e93e048ca32bcec4a', '75b7f0fe4446d39799500d08a7910dfd', '2022-23', 525.00, 449.00, 'Units', 52500, 45798, 94.09, 85.61, 91.30, 'OOMF Dashboard', NOW(), NOW()),
('61a87f21c37736101e584d7dec9766f1', '75b7f0fe4446d39799500d08a7910dfd', '2023-24', 567.00, 454.00, 'Units', 56700, 46308, 85.04, 88.17, 67.71, 'OOMF Dashboard', NOW(), NOW()),
('9491d9183ba36f4362b9fe981a014531', '75b7f0fe4446d39799500d08a7910dfd', '2024-25', 609.00, 275.00, 'Units', 60900, 28050, 84.46, 89.10, 93.55, 'OOMF Dashboard', NOW(), NOW()),
('8c2cb972a75c4b77e55418045f62d0ad', '316e484797a95efec5ad3c7daf5e3cdc', '2022-23', 592.00, 492.00, 'Units', 59200, 50184, 80.23, 80.48, 64.18, 'OOMF Dashboard', NOW(), NOW()),
('d7ab5a31d9052781099ce236f95dac65', '316e484797a95efec5ad3c7daf5e3cdc', '2023-24', 639.00, 514.00, 'Units', 63900, 52428, 84.24, 90.33, 79.25, 'OOMF Dashboard', NOW(), NOW()),
('b1041739a6f865d633254fdceb8588d4', '316e484797a95efec5ad3c7daf5e3cdc', '2024-25', 687.00, 325.00, 'Units', 68700, 33150, 79.79, 80.80, 64.71, 'OOMF Dashboard', NOW(), NOW()),
('0ee4ebf2a1c1d34f54663f0a2378fe38', 'bd9c0362cb64d35017a745762eb36acb', '2022-23', 149.00, 125.00, 'Units', 14900, 12750, 87.34, 93.91, 88.35, 'OOMF Dashboard', NOW(), NOW()),
('43e1476319a2034f9fb98bf1edb87db4', 'bd9c0362cb64d35017a745762eb36acb', '2023-24', 161.00, 135.00, 'Units', 16100, 13770, 94.84, 90.64, 85.32, 'OOMF Dashboard', NOW(), NOW()),
('e18a48a81c540d7a9fcd9df2af40bf4c', 'bd9c0362cb64d35017a745762eb36acb', '2024-25', 173.00, 91.00, 'Units', 17300, 9282, 85.73, 88.61, 71.00, 'OOMF Dashboard', NOW(), NOW()),
('023a4eb7392bb07447ab12abd82c3d7f', '70756344eafa098376516b52b004424e', '2022-23', 508.00, 426.00, 'Units', 50800, 43452, 92.68, 86.04, 65.70, 'OOMF Dashboard', NOW(), NOW()),
('0c47264828fa06b3c200030df7fbe822', '70756344eafa098376516b52b004424e', '2023-24', 549.00, 476.00, 'Units', 54900, 48552, 94.37, 82.24, 94.33, 'OOMF Dashboard', NOW(), NOW()),
('5bf41f712ab51f57180d3e79892682cc', '70756344eafa098376516b52b004424e', '2024-25', 589.00, 289.00, 'Units', 58900, 29478, 76.43, 89.12, 78.53, 'OOMF Dashboard', NOW(), NOW()),
('7723aa908adf11a47c6064e563352c72', '938eafa6ca62e2a56d053d652d855757', '2022-23', 535.00, 484.00, 'Units', 53500, 49368, 93.35, 93.64, 90.24, 'OOMF Dashboard', NOW(), NOW()),
('080d8d03c6569770b2354cbc0a427ff2', '938eafa6ca62e2a56d053d652d855757', '2023-24', 578.00, 489.00, 'Units', 57800, 49878, 91.41, 89.68, 80.91, 'OOMF Dashboard', NOW(), NOW()),
('2b6598107400696ed62da4355b56d8c4', '938eafa6ca62e2a56d053d652d855757', '2024-25', 621.00, 287.00, 'Units', 62100, 29274, 84.74, 89.26, 81.80, 'OOMF Dashboard', NOW(), NOW()),
('b4342ede276d3da892520acae8dee763', '56bacb895d09a6eb6ed329849bef351b', '2022-23', 137.00, 112.00, 'Units', 13700, 11424, 77.68, 88.00, 84.18, 'OOMF Dashboard', NOW(), NOW()),
('5bd03270e8bea1cde7fdbdd5f189b5ee', '56bacb895d09a6eb6ed329849bef351b', '2023-24', 148.00, 118.00, 'Units', 14800, 12036, 84.13, 81.72, 80.45, 'OOMF Dashboard', NOW(), NOW()),
('18f99548ace4acd7bffc8ec392bea22c', '56bacb895d09a6eb6ed329849bef351b', '2024-25', 159.00, 74.00, 'Units', 15900, 7548, 75.90, 86.25, 62.64, 'OOMF Dashboard', NOW(), NOW()),
('d2e98d183f3799ad0acce9b515ca5949', '8d77c6e94d36a8a808dbb39651cc4f55', '2022-23', 377.00, 354.00, 'Units', 37700, 36108, 81.25, 91.93, 76.65, 'OOMF Dashboard', NOW(), NOW()),
('a24d021242d4eb81d6f56da47010f08e', '8d77c6e94d36a8a808dbb39651cc4f55', '2023-24', 407.00, 383.00, 'Units', 40700, 39066, 84.09, 84.88, 78.96, 'OOMF Dashboard', NOW(), NOW()),
('6adebde146c39035aaaf30ba90251f69', '8d77c6e94d36a8a808dbb39651cc4f55', '2024-25', 438.00, 231.00, 'Units', 43800, 23562, 79.24, 93.19, 82.13, 'OOMF Dashboard', NOW(), NOW());

INSERT INTO "OutcomeData" ("id", "schemeId", "fiscalYear", "sectorKpiName", "sectorKpiBaseline", "sectorKpiCurrent", "sectorKpiDirection", "baselineVsCurrentIndex", "beneficiaryReportedScore", "attributionScore", "sustainabilityIndex", "dataSource", "createdAt", "updatedAt") VALUES
('ed98d8f6242d5643781919168a0261d5', 'c093f335fd3b43ac9b1bc170f83e6cad', '2022-23', 'Sectoral Growth Index - Department of Rural Development', 20.00, 20.00, 'HIGHER_IS_BETTER', 50.00, 86.88, 79.73, 67.72, 'NITI Aayog Survey', NOW(), NOW()),
('8efacbdb0249c2dec86c9b0d1cd0c671', 'c093f335fd3b43ac9b1bc170f83e6cad', '2023-24', 'Sectoral Growth Index - Department of Rural Development', 20.00, 24.45, 'HIGHER_IS_BETTER', 62.00, 84.91, 69.28, 65.39, 'NITI Aayog Survey', NOW(), NOW()),
('a239740d027e8065a9c2cb00397e05fd', 'c093f335fd3b43ac9b1bc170f83e6cad', '2024-25', 'Sectoral Growth Index - Department of Rural Development', 20.00, 23.84, 'HIGHER_IS_BETTER', 74.00, 88.35, 89.88, 79.48, 'NITI Aayog Survey', NOW(), NOW()),
('c086541cf08bd031d9061c3bd4f44592', '06d6e3a1b23807edabac7cb41e0b531e', '2022-23', 'Sectoral Growth Index - Department of Land Resources', 46.00, 46.00, 'HIGHER_IS_BETTER', 50.00, 74.07, 71.37, 88.95, 'NITI Aayog Survey', NOW(), NOW()),
('6ff8f74750f2eddd9bdfde943767b458', '06d6e3a1b23807edabac7cb41e0b531e', '2023-24', 'Sectoral Growth Index - Department of Land Resources', 46.00, 48.62, 'HIGHER_IS_BETTER', 62.00, 86.34, 60.72, 67.19, 'NITI Aayog Survey', NOW(), NOW()),
('5fe6fc8690c2124338c9306cc041a4ad', '06d6e3a1b23807edabac7cb41e0b531e', '2024-25', 'Sectoral Growth Index - Department of Land Resources', 46.00, 46.81, 'HIGHER_IS_BETTER', 74.00, 83.05, 74.01, 83.15, 'NITI Aayog Survey', NOW(), NOW()),
('2f905134520130446b9b415ed0aee010', 'bb3ceb17251d193685d1631145aa8bd2', '2022-23', 'Sectoral Growth Index - Department of Health and Family Welfare', 13.00, 13.00, 'HIGHER_IS_BETTER', 50.00, 89.54, 79.18, 85.06, 'NITI Aayog Survey', NOW(), NOW()),
('30f6295c272769a3b2e0f137cad28c7e', 'bb3ceb17251d193685d1631145aa8bd2', '2023-24', 'Sectoral Growth Index - Department of Health and Family Welfare', 13.00, 17.04, 'HIGHER_IS_BETTER', 62.00, 83.60, 74.21, 78.74, 'NITI Aayog Survey', NOW(), NOW()),
('3597ac6163f49c0519268030507dc766', 'bb3ceb17251d193685d1631145aa8bd2', '2024-25', 'Sectoral Growth Index - Department of Health and Family Welfare', 13.00, 19.41, 'HIGHER_IS_BETTER', 74.00, 70.63, 76.15, 73.27, 'NITI Aayog Survey', NOW(), NOW()),
('d0bfdad90a01ee2b74c9b075cd639945', '79f318265fbb3566e828b23c490be6bd', '2022-23', 'Sectoral Growth Index - Department of Health Research', 66.00, 66.00, 'HIGHER_IS_BETTER', 50.00, 75.34, 87.96, 71.54, 'NITI Aayog Survey', NOW(), NOW()),
('5ba6259954f4c11a4f770d9714934bf6', '79f318265fbb3566e828b23c490be6bd', '2023-24', 'Sectoral Growth Index - Department of Health Research', 66.00, 69.36, 'HIGHER_IS_BETTER', 62.00, 87.24, 64.17, 67.20, 'NITI Aayog Survey', NOW(), NOW()),
('bc927756be2bc7ba454005aa82b3f4bc', '79f318265fbb3566e828b23c490be6bd', '2024-25', 'Sectoral Growth Index - Department of Health Research', 66.00, 72.41, 'HIGHER_IS_BETTER', 74.00, 89.39, 66.31, 81.45, 'NITI Aayog Survey', NOW(), NOW()),
('dc2c758b87c9f064a7c29429438eb96c', '80e178686a879e21459d42fd5247cd78', '2022-23', 'Sectoral Growth Index - Department of Agriculture and Farmers Welfare', 50.00, 50.00, 'HIGHER_IS_BETTER', 50.00, 72.00, 69.97, 73.76, 'NITI Aayog Survey', NOW(), NOW()),
('55d9f53e129e1e0fb82affda420297f2', '80e178686a879e21459d42fd5247cd78', '2023-24', 'Sectoral Growth Index - Department of Agriculture and Farmers Welfare', 50.00, 54.14, 'HIGHER_IS_BETTER', 62.00, 87.56, 85.52, 79.05, 'NITI Aayog Survey', NOW(), NOW()),
('36a16af26a2aed52ed8038e6538c8ee5', '80e178686a879e21459d42fd5247cd78', '2024-25', 'Sectoral Growth Index - Department of Agriculture and Farmers Welfare', 50.00, 55.08, 'HIGHER_IS_BETTER', 74.00, 72.74, 76.47, 67.75, 'NITI Aayog Survey', NOW(), NOW()),
('45a288ae71f58056f6026e721d979cc8', '8d55c1aafe95c0df60fbfeaf909538e1', '2022-23', 'Sectoral Growth Index - Department of Agricultural Research and Education', 50.00, 50.00, 'HIGHER_IS_BETTER', 50.00, 73.23, 80.68, 68.97, 'NITI Aayog Survey', NOW(), NOW()),
('644d24929a4a1fe00f2dbe9d381b850c', '8d55c1aafe95c0df60fbfeaf909538e1', '2023-24', 'Sectoral Growth Index - Department of Agricultural Research and Education', 50.00, 51.12, 'HIGHER_IS_BETTER', 62.00, 76.25, 82.46, 72.85, 'NITI Aayog Survey', NOW(), NOW()),
('b2b260ecc74873bca8241e9979761cf9', '8d55c1aafe95c0df60fbfeaf909538e1', '2024-25', 'Sectoral Growth Index - Department of Agricultural Research and Education', 50.00, 55.31, 'HIGHER_IS_BETTER', 74.00, 78.04, 83.94, 78.53, 'NITI Aayog Survey', NOW(), NOW()),
('6fc8c4f53f7a35adcdfff5abdefdace0', 'a43c549cfae9e8a1edae0c8363b06ab6', '2022-23', 'Sectoral Growth Index - Department of Drinking Water and Sanitation', 13.00, 13.00, 'HIGHER_IS_BETTER', 50.00, 89.24, 62.21, 81.30, 'NITI Aayog Survey', NOW(), NOW()),
('6e32040a4fd9ad982075a4101d2519dd', 'a43c549cfae9e8a1edae0c8363b06ab6', '2023-24', 'Sectoral Growth Index - Department of Drinking Water and Sanitation', 13.00, 13.21, 'HIGHER_IS_BETTER', 62.00, 74.77, 69.89, 69.69, 'NITI Aayog Survey', NOW(), NOW()),
('fad879ffa488ce46316b2cb30b94f11f', 'a43c549cfae9e8a1edae0c8363b06ab6', '2024-25', 'Sectoral Growth Index - Department of Drinking Water and Sanitation', 13.00, 18.37, 'HIGHER_IS_BETTER', 74.00, 79.86, 87.11, 87.12, 'NITI Aayog Survey', NOW(), NOW()),
('b9eaca9038d33d3109994f9701d8568b', '53f6b140df97df2536d42f7fa00505b9', '2022-23', 'Sectoral Growth Index - Department of Water Resources, RD & GR', 62.00, 62.00, 'HIGHER_IS_BETTER', 50.00, 72.93, 65.38, 82.98, 'NITI Aayog Survey', NOW(), NOW()),
('5da196eff51a579fc86218e2aa947e3a', '53f6b140df97df2536d42f7fa00505b9', '2023-24', 'Sectoral Growth Index - Department of Water Resources, RD & GR', 62.00, 65.26, 'HIGHER_IS_BETTER', 62.00, 82.74, 80.83, 75.45, 'NITI Aayog Survey', NOW(), NOW()),
('12ef22a0ae20eb3b8da4fe4a5b6a482b', '53f6b140df97df2536d42f7fa00505b9', '2024-25', 'Sectoral Growth Index - Department of Water Resources, RD & GR', 62.00, 67.89, 'HIGHER_IS_BETTER', 74.00, 88.49, 65.86, 85.87, 'NITI Aayog Survey', NOW(), NOW()),
('59a41af12cc1740e61c9f4cc74d1456b', '86fab431c35332be8eb447a04b443454', '2022-23', 'Sectoral Growth Index - Department of School Education and Literacy', 36.00, 36.00, 'HIGHER_IS_BETTER', 50.00, 81.65, 62.82, 89.66, 'NITI Aayog Survey', NOW(), NOW()),
('6675b70080657a309fa3e05409151b7a', '86fab431c35332be8eb447a04b443454', '2023-24', 'Sectoral Growth Index - Department of School Education and Literacy', 36.00, 39.36, 'HIGHER_IS_BETTER', 62.00, 74.30, 86.72, 79.91, 'NITI Aayog Survey', NOW(), NOW()),
('8e8c4f8a73d6a3d4f2fac6848206deff', '86fab431c35332be8eb447a04b443454', '2024-25', 'Sectoral Growth Index - Department of School Education and Literacy', 36.00, 38.69, 'HIGHER_IS_BETTER', 74.00, 76.70, 84.53, 81.58, 'NITI Aayog Survey', NOW(), NOW()),
('e55ca062895fe6ac751eacb3808b12ad', '7226269fe1be1100f2d38d32852b938e', '2022-23', 'Sectoral Growth Index - Department of Higher Education', 49.00, 49.00, 'HIGHER_IS_BETTER', 50.00, 80.36, 77.69, 77.65, 'NITI Aayog Survey', NOW(), NOW()),
('06e412227e8d830aaae0fb09466ed4a6', '7226269fe1be1100f2d38d32852b938e', '2023-24', 'Sectoral Growth Index - Department of Higher Education', 49.00, 52.47, 'HIGHER_IS_BETTER', 62.00, 85.41, 79.29, 68.28, 'NITI Aayog Survey', NOW(), NOW()),
('36033708c599ff73fca39020f4f8a7d8', '7226269fe1be1100f2d38d32852b938e', '2024-25', 'Sectoral Growth Index - Department of Higher Education', 49.00, 56.73, 'HIGHER_IS_BETTER', 74.00, 84.73, 82.66, 83.42, 'NITI Aayog Survey', NOW(), NOW()),
('ff9de8b287c40960b7d3944579f8e391', 'fb3c20adbeb1afd2cb1293e01c9d3d5b', '2022-23', 'Sectoral Growth Index - Department of Economic Affairs', 17.00, 17.00, 'HIGHER_IS_BETTER', 50.00, 76.00, 86.85, 69.29, 'NITI Aayog Survey', NOW(), NOW()),
('997470b2ff802d4e0dacc5be9b5ec890', 'fb3c20adbeb1afd2cb1293e01c9d3d5b', '2023-24', 'Sectoral Growth Index - Department of Economic Affairs', 17.00, 17.30, 'HIGHER_IS_BETTER', 62.00, 80.58, 67.90, 65.99, 'NITI Aayog Survey', NOW(), NOW()),
('a141e44fe446bb46f0485ba027e4741f', 'fb3c20adbeb1afd2cb1293e01c9d3d5b', '2024-25', 'Sectoral Growth Index - Department of Economic Affairs', 17.00, 24.02, 'HIGHER_IS_BETTER', 74.00, 76.87, 62.05, 82.34, 'NITI Aayog Survey', NOW(), NOW()),
('275a90dca3b21b0246ab16f9a8325d73', '0ab420f720e4ed7626c6f53b067a812c', '2022-23', 'Sectoral Growth Index - Department of Expenditure', 83.00, 83.00, 'HIGHER_IS_BETTER', 50.00, 84.98, 61.56, 85.69, 'NITI Aayog Survey', NOW(), NOW()),
('fefad1a91e21148300a10cb0b63dc04d', '0ab420f720e4ed7626c6f53b067a812c', '2023-24', 'Sectoral Growth Index - Department of Expenditure', 83.00, 83.10, 'HIGHER_IS_BETTER', 62.00, 78.87, 66.04, 71.05, 'NITI Aayog Survey', NOW(), NOW()),
('c7f72ac70c1257828af3dd108c3facf0', '0ab420f720e4ed7626c6f53b067a812c', '2024-25', 'Sectoral Growth Index - Department of Expenditure', 83.00, 88.19, 'HIGHER_IS_BETTER', 74.00, 81.75, 72.19, 67.86, 'NITI Aayog Survey', NOW(), NOW()),
('53efa450412f19168379fc335bbdf792', '9011dba18d27c0cbce652e56861cf941', '2022-23', 'Sectoral Growth Index - Department of Defence', 37.00, 37.00, 'HIGHER_IS_BETTER', 50.00, 89.22, 68.27, 80.30, 'NITI Aayog Survey', NOW(), NOW()),
('bf14a1c41facc2be34ea141b5f41173a', '9011dba18d27c0cbce652e56861cf941', '2023-24', 'Sectoral Growth Index - Department of Defence', 37.00, 41.33, 'HIGHER_IS_BETTER', 62.00, 71.72, 67.72, 79.47, 'NITI Aayog Survey', NOW(), NOW()),
('4196622f0a418fe3e289922abe79134d', '9011dba18d27c0cbce652e56861cf941', '2024-25', 'Sectoral Growth Index - Department of Defence', 37.00, 39.63, 'HIGHER_IS_BETTER', 74.00, 73.87, 72.88, 74.06, 'NITI Aayog Survey', NOW(), NOW()),
('9528f91e860ad06ff1fd2f790647aac9', '7246bfbe393dd7c738bda807e17652f5', '2022-23', 'Sectoral Growth Index - Department of Defence Production', 27.00, 27.00, 'HIGHER_IS_BETTER', 50.00, 73.67, 79.98, 75.11, 'NITI Aayog Survey', NOW(), NOW()),
('2d267cf14c1651ef2dbbb2507a1d1b81', '7246bfbe393dd7c738bda807e17652f5', '2023-24', 'Sectoral Growth Index - Department of Defence Production', 27.00, 29.32, 'HIGHER_IS_BETTER', 62.00, 86.35, 60.38, 83.97, 'NITI Aayog Survey', NOW(), NOW()),
('87c31c9986fac7d371f344c49729d3ac', '7246bfbe393dd7c738bda807e17652f5', '2024-25', 'Sectoral Growth Index - Department of Defence Production', 27.00, 32.23, 'HIGHER_IS_BETTER', 74.00, 71.71, 89.68, 72.98, 'NITI Aayog Survey', NOW(), NOW()),
('5d846abd59fe9cc416e226882912d3b8', '37bfcaf53d855151ddee5543aeb9d9ae', '2022-23', 'Sectoral Growth Index - Department of Road Transport', 73.00, 73.00, 'HIGHER_IS_BETTER', 50.00, 88.29, 82.14, 73.46, 'NITI Aayog Survey', NOW(), NOW()),
('cf60695c2a5091ebf77409ba38b2faad', '37bfcaf53d855151ddee5543aeb9d9ae', '2023-24', 'Sectoral Growth Index - Department of Road Transport', 73.00, 76.05, 'HIGHER_IS_BETTER', 62.00, 82.60, 66.54, 85.78, 'NITI Aayog Survey', NOW(), NOW()),
('84d2587f99a7f8503236b5fc7a23ee5e', '37bfcaf53d855151ddee5543aeb9d9ae', '2024-25', 'Sectoral Growth Index - Department of Road Transport', 73.00, 77.60, 'HIGHER_IS_BETTER', 74.00, 81.33, 86.33, 79.99, 'NITI Aayog Survey', NOW(), NOW()),
('4f0d7eb7c0f9caacb2f24c2a5c243556', '0f69488a63473a83790ea0676ecd9a8e', '2022-23', 'Sectoral Growth Index - Department of Highways', 86.00, 86.00, 'HIGHER_IS_BETTER', 50.00, 86.28, 80.17, 74.14, 'NITI Aayog Survey', NOW(), NOW()),
('b1faf05f986a1292aefc6a4c340869c3', '0f69488a63473a83790ea0676ecd9a8e', '2023-24', 'Sectoral Growth Index - Department of Highways', 86.00, 88.26, 'HIGHER_IS_BETTER', 62.00, 89.95, 71.07, 81.88, 'NITI Aayog Survey', NOW(), NOW()),
('4945136ba238ba3647a0992d86b8f47d', '0f69488a63473a83790ea0676ecd9a8e', '2024-25', 'Sectoral Growth Index - Department of Highways', 86.00, 86.60, 'HIGHER_IS_BETTER', 74.00, 70.64, 70.66, 86.40, 'NITI Aayog Survey', NOW(), NOW()),
('54e050555f7f733faf3176050cca97c9', '08cb3f55b917a101d1b0bb4b78eee96f', '2022-23', 'Sectoral Growth Index - Department of Women Empowerment', 88.00, 88.00, 'HIGHER_IS_BETTER', 50.00, 89.12, 70.90, 68.22, 'NITI Aayog Survey', NOW(), NOW()),
('97f8d62e81b00d69edf97a1abe8cbc9f', '08cb3f55b917a101d1b0bb4b78eee96f', '2023-24', 'Sectoral Growth Index - Department of Women Empowerment', 88.00, 90.10, 'HIGHER_IS_BETTER', 62.00, 85.55, 73.61, 82.97, 'NITI Aayog Survey', NOW(), NOW());

INSERT INTO "OutcomeData" ("id", "schemeId", "fiscalYear", "sectorKpiName", "sectorKpiBaseline", "sectorKpiCurrent", "sectorKpiDirection", "baselineVsCurrentIndex", "beneficiaryReportedScore", "attributionScore", "sustainabilityIndex", "dataSource", "createdAt", "updatedAt") VALUES
('c47d58f75694716798fb767678eaaa70', '08cb3f55b917a101d1b0bb4b78eee96f', '2024-25', 'Sectoral Growth Index - Department of Women Empowerment', 88.00, 94.60, 'HIGHER_IS_BETTER', 74.00, 79.51, 88.39, 85.57, 'NITI Aayog Survey', NOW(), NOW()),
('71e5a7b772a9e784eaf054e216290e41', 'c6967c6ba11bf53014c51c895ab6eb4e', '2022-23', 'Sectoral Growth Index - Department of Child Development', 20.00, 20.00, 'HIGHER_IS_BETTER', 50.00, 70.45, 67.05, 75.02, 'NITI Aayog Survey', NOW(), NOW()),
('10f50d4ed5f052141b6b257dba939cae', 'c6967c6ba11bf53014c51c895ab6eb4e', '2023-24', 'Sectoral Growth Index - Department of Child Development', 20.00, 24.47, 'HIGHER_IS_BETTER', 62.00, 84.16, 77.40, 85.27, 'NITI Aayog Survey', NOW(), NOW()),
('63fd1e819a244ba674d8643b55de0ee7', 'c6967c6ba11bf53014c51c895ab6eb4e', '2024-25', 'Sectoral Growth Index - Department of Child Development', 20.00, 24.03, 'HIGHER_IS_BETTER', 74.00, 84.26, 79.17, 70.64, 'NITI Aayog Survey', NOW(), NOW()),
('9de6be480776af471a9bb158ae31465f', 'f9365e4a36c5e9d473dc328628abe367', '2022-23', 'Sectoral Growth Index - Department of Housing', 74.00, 74.00, 'HIGHER_IS_BETTER', 50.00, 78.97, 71.44, 77.92, 'NITI Aayog Survey', NOW(), NOW()),
('577cc5d3a5321847f08acb7c71f380fc', 'f9365e4a36c5e9d473dc328628abe367', '2023-24', 'Sectoral Growth Index - Department of Housing', 74.00, 77.25, 'HIGHER_IS_BETTER', 62.00, 76.90, 67.18, 83.01, 'NITI Aayog Survey', NOW(), NOW()),
('b8f0334b2797530633d6c496bda04eb8', 'f9365e4a36c5e9d473dc328628abe367', '2024-25', 'Sectoral Growth Index - Department of Housing', 74.00, 76.71, 'HIGHER_IS_BETTER', 74.00, 87.37, 79.50, 66.42, 'NITI Aayog Survey', NOW(), NOW()),
('5acbebce385e722ac37ceebc17cf910e', '28079d1463dfa00dac7c7ad3bbcf2846', '2022-23', 'Sectoral Growth Index - Department of Urban Affairs', 52.00, 52.00, 'HIGHER_IS_BETTER', 50.00, 81.51, 70.23, 83.94, 'NITI Aayog Survey', NOW(), NOW()),
('73fa47031ba5aff745d2764b04464e32', '28079d1463dfa00dac7c7ad3bbcf2846', '2023-24', 'Sectoral Growth Index - Department of Urban Affairs', 52.00, 52.90, 'HIGHER_IS_BETTER', 62.00, 76.35, 68.35, 67.58, 'NITI Aayog Survey', NOW(), NOW()),
('f872c4393c3ede340309fb6bea888b06', '28079d1463dfa00dac7c7ad3bbcf2846', '2024-25', 'Sectoral Growth Index - Department of Urban Affairs', 52.00, 59.92, 'HIGHER_IS_BETTER', 74.00, 77.46, 68.79, 77.42, 'NITI Aayog Survey', NOW(), NOW()),
('958b9320358794f92a60b1b293630b45', 'cf8ba01aa1389aa9eaeff36d0d292767', '2022-23', 'Sectoral Growth Index - Department of Rural Development', 63.00, 63.00, 'HIGHER_IS_BETTER', 50.00, 72.01, 77.72, 86.86, 'NITI Aayog Survey', NOW(), NOW()),
('9bf70ddb74235f2220e14c9a4d6742b9', 'cf8ba01aa1389aa9eaeff36d0d292767', '2023-24', 'Sectoral Growth Index - Department of Rural Development', 63.00, 64.92, 'HIGHER_IS_BETTER', 62.00, 78.90, 68.81, 66.41, 'NITI Aayog Survey', NOW(), NOW()),
('7f124057e6f336573d14bb3398e05398', 'cf8ba01aa1389aa9eaeff36d0d292767', '2024-25', 'Sectoral Growth Index - Department of Rural Development', 63.00, 67.59, 'HIGHER_IS_BETTER', 74.00, 82.45, 62.92, 71.59, 'NITI Aayog Survey', NOW(), NOW()),
('c2603d8bac2c35270cd9a5a601a8570a', '33dbca639d8808864fd6f53ccc7a0809', '2022-23', 'Sectoral Growth Index - Department of Land Resources', 27.00, 27.00, 'HIGHER_IS_BETTER', 50.00, 72.30, 81.19, 75.35, 'NITI Aayog Survey', NOW(), NOW()),
('f69454e063d68e2d41fab6ec7d2130e0', '33dbca639d8808864fd6f53ccc7a0809', '2023-24', 'Sectoral Growth Index - Department of Land Resources', 27.00, 29.37, 'HIGHER_IS_BETTER', 62.00, 81.53, 85.75, 76.89, 'NITI Aayog Survey', NOW(), NOW()),
('f384e49cb356c011b2a30a4f8cc45753', '33dbca639d8808864fd6f53ccc7a0809', '2024-25', 'Sectoral Growth Index - Department of Land Resources', 27.00, 31.83, 'HIGHER_IS_BETTER', 74.00, 88.97, 77.42, 78.46, 'NITI Aayog Survey', NOW(), NOW()),
('c0de4adc6d4c7d3c7a92381e72e6a2ba', '7db0f5a8b666a236d3bfa3b57e60488d', '2022-23', 'Sectoral Growth Index - Department of Health and Family Welfare', 67.00, 67.00, 'HIGHER_IS_BETTER', 50.00, 70.20, 62.37, 74.48, 'NITI Aayog Survey', NOW(), NOW()),
('6879208036ca8bb3d45717721e173cb6', '7db0f5a8b666a236d3bfa3b57e60488d', '2023-24', 'Sectoral Growth Index - Department of Health and Family Welfare', 67.00, 68.90, 'HIGHER_IS_BETTER', 62.00, 75.05, 75.03, 79.97, 'NITI Aayog Survey', NOW(), NOW()),
('3a334a84d968a2ae70e0f7cad62a5ad4', '7db0f5a8b666a236d3bfa3b57e60488d', '2024-25', 'Sectoral Growth Index - Department of Health and Family Welfare', 67.00, 75.49, 'HIGHER_IS_BETTER', 74.00, 70.74, 73.78, 88.19, 'NITI Aayog Survey', NOW(), NOW()),
('f4dd45aaaca28f24b80d3974d02319ed', '89e5305f216d7ecdc22e5f009af81079', '2022-23', 'Sectoral Growth Index - Department of Health Research', 51.00, 51.00, 'HIGHER_IS_BETTER', 50.00, 88.93, 89.78, 89.97, 'NITI Aayog Survey', NOW(), NOW()),
('80e5e54d09b353ecda2e5d9111830e9b', '89e5305f216d7ecdc22e5f009af81079', '2023-24', 'Sectoral Growth Index - Department of Health Research', 51.00, 53.82, 'HIGHER_IS_BETTER', 62.00, 76.40, 65.65, 81.24, 'NITI Aayog Survey', NOW(), NOW()),
('7e627e38710d52caa9edc05aa44d2480', '89e5305f216d7ecdc22e5f009af81079', '2024-25', 'Sectoral Growth Index - Department of Health Research', 51.00, 51.74, 'HIGHER_IS_BETTER', 74.00, 70.49, 79.89, 84.35, 'NITI Aayog Survey', NOW(), NOW()),
('43ab1290b361875ede9defdf9e5f6f1d', 'e63f5c3fbb1457d8f594c7dce88d2abe', '2022-23', 'Sectoral Growth Index - Department of Agriculture and Farmers Welfare', 21.00, 21.00, 'HIGHER_IS_BETTER', 50.00, 82.02, 71.02, 77.95, 'NITI Aayog Survey', NOW(), NOW()),
('254ab429d6d0d7133e6089818a02980f', 'e63f5c3fbb1457d8f594c7dce88d2abe', '2023-24', 'Sectoral Growth Index - Department of Agriculture and Farmers Welfare', 21.00, 21.57, 'HIGHER_IS_BETTER', 62.00, 86.43, 73.35, 79.99, 'NITI Aayog Survey', NOW(), NOW()),
('e34720475d32021b7afb7f511a21726d', 'e63f5c3fbb1457d8f594c7dce88d2abe', '2024-25', 'Sectoral Growth Index - Department of Agriculture and Farmers Welfare', 21.00, 22.88, 'HIGHER_IS_BETTER', 74.00, 84.22, 87.29, 72.09, 'NITI Aayog Survey', NOW(), NOW()),
('d96f836c317c5db72c49f40797891f2a', '37c9d5a055f2e741803bbe471ea04746', '2022-23', 'Sectoral Growth Index - Department of Agricultural Research and Education', 59.00, 59.00, 'HIGHER_IS_BETTER', 50.00, 74.87, 62.86, 75.14, 'NITI Aayog Survey', NOW(), NOW()),
('c4b932bd1d7e229f518d252cf054a86f', '37c9d5a055f2e741803bbe471ea04746', '2023-24', 'Sectoral Growth Index - Department of Agricultural Research and Education', 59.00, 60.25, 'HIGHER_IS_BETTER', 62.00, 85.55, 81.69, 85.11, 'NITI Aayog Survey', NOW(), NOW()),
('b294caf28e35ffe08a461f9438e2d1e6', '37c9d5a055f2e741803bbe471ea04746', '2024-25', 'Sectoral Growth Index - Department of Agricultural Research and Education', 59.00, 64.50, 'HIGHER_IS_BETTER', 74.00, 73.01, 79.39, 88.83, 'NITI Aayog Survey', NOW(), NOW()),
('a886d55d54c39f0f1998819d2d94df80', 'ce744f7e5d648736efd12ae5ee52bf97', '2022-23', 'Sectoral Growth Index - Department of Drinking Water and Sanitation', 21.00, 21.00, 'HIGHER_IS_BETTER', 50.00, 87.13, 68.84, 69.61, 'NITI Aayog Survey', NOW(), NOW()),
('4163667ebe2ee014763919892721a847', 'ce744f7e5d648736efd12ae5ee52bf97', '2023-24', 'Sectoral Growth Index - Department of Drinking Water and Sanitation', 21.00, 21.41, 'HIGHER_IS_BETTER', 62.00, 75.28, 68.94, 69.92, 'NITI Aayog Survey', NOW(), NOW()),
('9e1fef675a9fbc7acaf3b06a086ebc85', 'ce744f7e5d648736efd12ae5ee52bf97', '2024-25', 'Sectoral Growth Index - Department of Drinking Water and Sanitation', 21.00, 21.50, 'HIGHER_IS_BETTER', 74.00, 71.56, 64.45, 83.83, 'NITI Aayog Survey', NOW(), NOW()),
('6ee44328804ebd80f4387e56682f3201', 'b86a9e6d46f4986b772e0f3ca07d5141', '2022-23', 'Sectoral Growth Index - Department of Water Resources, RD & GR', 12.00, 12.00, 'HIGHER_IS_BETTER', 50.00, 76.04, 78.70, 89.63, 'NITI Aayog Survey', NOW(), NOW()),
('105a283c513aed64e1212b7afb707f8a', 'b86a9e6d46f4986b772e0f3ca07d5141', '2023-24', 'Sectoral Growth Index - Department of Water Resources, RD & GR', 12.00, 13.35, 'HIGHER_IS_BETTER', 62.00, 85.53, 76.28, 83.76, 'NITI Aayog Survey', NOW(), NOW()),
('e4e08b1921f78a1eab44201882d1e787', 'b86a9e6d46f4986b772e0f3ca07d5141', '2024-25', 'Sectoral Growth Index - Department of Water Resources, RD & GR', 12.00, 16.18, 'HIGHER_IS_BETTER', 74.00, 89.23, 87.42, 80.23, 'NITI Aayog Survey', NOW(), NOW()),
('b4b2d9278e801315cbeec9f8906de2f7', '8a9c30995d30fccd501b1c1f6e8cd336', '2022-23', 'Sectoral Growth Index - Department of School Education and Literacy', 10.00, 10.00, 'HIGHER_IS_BETTER', 50.00, 71.75, 62.15, 79.99, 'NITI Aayog Survey', NOW(), NOW()),
('7e3873b88c920e5e3bc21cb1a36f27f5', '8a9c30995d30fccd501b1c1f6e8cd336', '2023-24', 'Sectoral Growth Index - Department of School Education and Literacy', 10.00, 12.04, 'HIGHER_IS_BETTER', 62.00, 72.22, 78.67, 67.80, 'NITI Aayog Survey', NOW(), NOW()),
('a79357257d3f982d028952ba9b55aad5', '8a9c30995d30fccd501b1c1f6e8cd336', '2024-25', 'Sectoral Growth Index - Department of School Education and Literacy', 10.00, 10.03, 'HIGHER_IS_BETTER', 74.00, 84.76, 80.10, 81.83, 'NITI Aayog Survey', NOW(), NOW()),
('0ec3df198501f4fbf07541d4bedc9981', '13275e4672ba50022c7a4a7fa431ab38', '2022-23', 'Sectoral Growth Index - Department of Higher Education', 82.00, 82.00, 'HIGHER_IS_BETTER', 50.00, 79.55, 74.05, 69.57, 'NITI Aayog Survey', NOW(), NOW()),
('879727fe8ba59e304b4185863517a6e0', '13275e4672ba50022c7a4a7fa431ab38', '2023-24', 'Sectoral Growth Index - Department of Higher Education', 82.00, 85.42, 'HIGHER_IS_BETTER', 62.00, 88.11, 74.40, 79.54, 'NITI Aayog Survey', NOW(), NOW()),
('6379baf52654a01cfd88d064d19b608f', '13275e4672ba50022c7a4a7fa431ab38', '2024-25', 'Sectoral Growth Index - Department of Higher Education', 82.00, 87.54, 'HIGHER_IS_BETTER', 74.00, 89.89, 82.01, 69.93, 'NITI Aayog Survey', NOW(), NOW()),
('77d4acd8fa9d3e84443e7755d85bb08d', '0c7748e35a8a564692e93f543bce0132', '2022-23', 'Sectoral Growth Index - Department of Economic Affairs', 28.00, 28.00, 'HIGHER_IS_BETTER', 50.00, 87.11, 76.00, 80.52, 'NITI Aayog Survey', NOW(), NOW()),
('af28b7a524433efec020a25faa87b5c8', '0c7748e35a8a564692e93f543bce0132', '2023-24', 'Sectoral Growth Index - Department of Economic Affairs', 28.00, 28.67, 'HIGHER_IS_BETTER', 62.00, 82.01, 61.76, 71.64, 'NITI Aayog Survey', NOW(), NOW()),
('e37b06d76947139883d4fe76542ebf81', '0c7748e35a8a564692e93f543bce0132', '2024-25', 'Sectoral Growth Index - Department of Economic Affairs', 28.00, 31.99, 'HIGHER_IS_BETTER', 74.00, 79.19, 71.89, 86.81, 'NITI Aayog Survey', NOW(), NOW()),
('778f3cc17749ecfb9339bb6debb42c2b', 'de3f3d0a64273cff51d3b13bcb4dfa0a', '2022-23', 'Sectoral Growth Index - Department of Expenditure', 57.00, 57.00, 'HIGHER_IS_BETTER', 50.00, 77.61, 74.23, 76.02, 'NITI Aayog Survey', NOW(), NOW()),
('b5091da28f10598c870fa479065fb7dc', 'de3f3d0a64273cff51d3b13bcb4dfa0a', '2023-24', 'Sectoral Growth Index - Department of Expenditure', 57.00, 60.01, 'HIGHER_IS_BETTER', 62.00, 85.69, 83.92, 73.37, 'NITI Aayog Survey', NOW(), NOW()),
('099544403e63563424b8022996d0df96', 'de3f3d0a64273cff51d3b13bcb4dfa0a', '2024-25', 'Sectoral Growth Index - Department of Expenditure', 57.00, 63.72, 'HIGHER_IS_BETTER', 74.00, 77.91, 83.22, 72.51, 'NITI Aayog Survey', NOW(), NOW()),
('f125e6571c566c8b2a7b3d5237fb7762', '0bc2b936180818728e624526c6be7143', '2022-23', 'Sectoral Growth Index - Department of Defence', 28.00, 28.00, 'HIGHER_IS_BETTER', 50.00, 89.53, 80.17, 85.11, 'NITI Aayog Survey', NOW(), NOW()),
('12776e3c895054628768ef129ceda6d8', '0bc2b936180818728e624526c6be7143', '2023-24', 'Sectoral Growth Index - Department of Defence', 28.00, 28.83, 'HIGHER_IS_BETTER', 62.00, 86.00, 82.07, 88.04, 'NITI Aayog Survey', NOW(), NOW()),
('b58cbf74c5ff6c500a2a0fbb7aba1921', '0bc2b936180818728e624526c6be7143', '2024-25', 'Sectoral Growth Index - Department of Defence', 28.00, 36.89, 'HIGHER_IS_BETTER', 74.00, 72.88, 66.62, 75.74, 'NITI Aayog Survey', NOW(), NOW()),
('95ef7e4173c017e708fbc7f7d476f6bf', '618daad78f14d55c1b8dac725a649de5', '2022-23', 'Sectoral Growth Index - Department of Defence Production', 21.00, 21.00, 'HIGHER_IS_BETTER', 50.00, 83.49, 79.79, 68.62, 'NITI Aayog Survey', NOW(), NOW());

INSERT INTO "OutcomeData" ("id", "schemeId", "fiscalYear", "sectorKpiName", "sectorKpiBaseline", "sectorKpiCurrent", "sectorKpiDirection", "baselineVsCurrentIndex", "beneficiaryReportedScore", "attributionScore", "sustainabilityIndex", "dataSource", "createdAt", "updatedAt") VALUES
('9950746c0f5b9a03ebe9215f048c9922', '618daad78f14d55c1b8dac725a649de5', '2023-24', 'Sectoral Growth Index - Department of Defence Production', 21.00, 23.71, 'HIGHER_IS_BETTER', 62.00, 82.30, 74.87, 73.08, 'NITI Aayog Survey', NOW(), NOW()),
('09d4bd00f38fa9f585e90956584b08cf', '618daad78f14d55c1b8dac725a649de5', '2024-25', 'Sectoral Growth Index - Department of Defence Production', 21.00, 30.72, 'HIGHER_IS_BETTER', 74.00, 72.47, 65.11, 80.81, 'NITI Aayog Survey', NOW(), NOW()),
('05c0fba09a074565ec425509902a1591', 'aa37998535d115af2103444a28263f6a', '2022-23', 'Sectoral Growth Index - Department of Road Transport', 74.00, 74.00, 'HIGHER_IS_BETTER', 50.00, 89.06, 77.54, 70.53, 'NITI Aayog Survey', NOW(), NOW()),
('37c837bf482560abcffa04ce41e56f44', 'aa37998535d115af2103444a28263f6a', '2023-24', 'Sectoral Growth Index - Department of Road Transport', 74.00, 77.07, 'HIGHER_IS_BETTER', 62.00, 85.50, 64.25, 85.54, 'NITI Aayog Survey', NOW(), NOW()),
('df1334febc65ce7206b0927a74cc63c6', 'aa37998535d115af2103444a28263f6a', '2024-25', 'Sectoral Growth Index - Department of Road Transport', 74.00, 82.72, 'HIGHER_IS_BETTER', 74.00, 77.14, 68.14, 84.78, 'NITI Aayog Survey', NOW(), NOW()),
('7049b0b33e1967396f52a401f2505eb0', '7ce7a68e2fc214b71560291408f0c324', '2022-23', 'Sectoral Growth Index - Department of Highways', 63.00, 63.00, 'HIGHER_IS_BETTER', 50.00, 88.95, 72.89, 85.60, 'NITI Aayog Survey', NOW(), NOW()),
('608e111c2ab97b344d0b127557544da1', '7ce7a68e2fc214b71560291408f0c324', '2023-24', 'Sectoral Growth Index - Department of Highways', 63.00, 65.90, 'HIGHER_IS_BETTER', 62.00, 81.47, 87.86, 88.19, 'NITI Aayog Survey', NOW(), NOW()),
('c963c20946a90066d0670947fc2ce1d5', '7ce7a68e2fc214b71560291408f0c324', '2024-25', 'Sectoral Growth Index - Department of Highways', 63.00, 64.54, 'HIGHER_IS_BETTER', 74.00, 89.40, 80.72, 68.48, 'NITI Aayog Survey', NOW(), NOW()),
('76f49be88244a65c23afa6413dff903f', 'c9ac412428ee5bfb1cec92ffa0699a42', '2022-23', 'Sectoral Growth Index - Department of Women Empowerment', 62.00, 62.00, 'HIGHER_IS_BETTER', 50.00, 73.30, 60.53, 88.17, 'NITI Aayog Survey', NOW(), NOW()),
('ac86f20eae938e8bbeaf7f07512193e1', 'c9ac412428ee5bfb1cec92ffa0699a42', '2023-24', 'Sectoral Growth Index - Department of Women Empowerment', 62.00, 65.38, 'HIGHER_IS_BETTER', 62.00, 71.02, 63.91, 82.15, 'NITI Aayog Survey', NOW(), NOW()),
('57a160d093056bde2da70ff8d5aa1e7e', 'c9ac412428ee5bfb1cec92ffa0699a42', '2024-25', 'Sectoral Growth Index - Department of Women Empowerment', 62.00, 69.01, 'HIGHER_IS_BETTER', 74.00, 88.57, 89.81, 87.28, 'NITI Aayog Survey', NOW(), NOW()),
('8c8c8c9143472210d8e6b8fed5b0b6f5', 'bb86289bb6044f64959db45877971078', '2022-23', 'Sectoral Growth Index - Department of Child Development', 39.00, 39.00, 'HIGHER_IS_BETTER', 50.00, 84.38, 69.84, 78.19, 'NITI Aayog Survey', NOW(), NOW()),
('f19986b84b3ca68d73466bdd99bf1974', 'bb86289bb6044f64959db45877971078', '2023-24', 'Sectoral Growth Index - Department of Child Development', 39.00, 43.13, 'HIGHER_IS_BETTER', 62.00, 84.65, 69.63, 66.49, 'NITI Aayog Survey', NOW(), NOW()),
('c74f98d8694cb4c2f3af95ad0177ec15', 'bb86289bb6044f64959db45877971078', '2024-25', 'Sectoral Growth Index - Department of Child Development', 39.00, 41.08, 'HIGHER_IS_BETTER', 74.00, 76.90, 62.08, 85.38, 'NITI Aayog Survey', NOW(), NOW()),
('43a0705da3e4f9174a2fea4aaa138ddb', '1f5030cf73e9be0e0b34e4d153b9d099', '2022-23', 'Sectoral Growth Index - Department of Housing', 88.00, 88.00, 'HIGHER_IS_BETTER', 50.00, 83.41, 73.49, 72.93, 'NITI Aayog Survey', NOW(), NOW()),
('10845c247036fb26fe2379fa0ba5c1aa', '1f5030cf73e9be0e0b34e4d153b9d099', '2023-24', 'Sectoral Growth Index - Department of Housing', 88.00, 88.32, 'HIGHER_IS_BETTER', 62.00, 73.01, 62.55, 76.69, 'NITI Aayog Survey', NOW(), NOW()),
('12bac52090fb8f6eaa4ecd8caea09aee', '1f5030cf73e9be0e0b34e4d153b9d099', '2024-25', 'Sectoral Growth Index - Department of Housing', 88.00, 93.05, 'HIGHER_IS_BETTER', 74.00, 70.03, 80.90, 80.64, 'NITI Aayog Survey', NOW(), NOW()),
('086a7edb85e806421ebde452cc9865e4', 'd4383d6ce7f27597cc127aebd7ef0cdc', '2022-23', 'Sectoral Growth Index - Department of Urban Affairs', 83.00, 83.00, 'HIGHER_IS_BETTER', 50.00, 74.79, 72.53, 86.52, 'NITI Aayog Survey', NOW(), NOW()),
('d122e46717599cc0c2aa6f9b7796a0ed', 'd4383d6ce7f27597cc127aebd7ef0cdc', '2023-24', 'Sectoral Growth Index - Department of Urban Affairs', 83.00, 85.59, 'HIGHER_IS_BETTER', 62.00, 81.69, 71.44, 89.23, 'NITI Aayog Survey', NOW(), NOW()),
('89b9596b4c442a01466305d59ee27314', 'd4383d6ce7f27597cc127aebd7ef0cdc', '2024-25', 'Sectoral Growth Index - Department of Urban Affairs', 83.00, 91.98, 'HIGHER_IS_BETTER', 74.00, 72.44, 82.41, 81.01, 'NITI Aayog Survey', NOW(), NOW()),
('6c1ea3a2f01972617aaa11b97829ea91', 'bc28b7f853ce6e3d4a5e24809503f8d5', '2022-23', 'Sectoral Growth Index - Department of Rural Development', 50.00, 50.00, 'HIGHER_IS_BETTER', 50.00, 89.61, 81.40, 83.62, 'NITI Aayog Survey', NOW(), NOW()),
('e7ed8c447006d2a77c806a5eadd4af0d', 'bc28b7f853ce6e3d4a5e24809503f8d5', '2023-24', 'Sectoral Growth Index - Department of Rural Development', 50.00, 50.89, 'HIGHER_IS_BETTER', 62.00, 72.04, 82.00, 84.28, 'NITI Aayog Survey', NOW(), NOW()),
('503a07bbade0f324dcdebb468a566829', 'bc28b7f853ce6e3d4a5e24809503f8d5', '2024-25', 'Sectoral Growth Index - Department of Rural Development', 50.00, 59.84, 'HIGHER_IS_BETTER', 74.00, 82.12, 86.87, 72.20, 'NITI Aayog Survey', NOW(), NOW()),
('30e8d790c2afcc8e687c5e5b29e7429d', '19d764499e69c3379eb55490ac4ead17', '2022-23', 'Sectoral Growth Index - Department of Land Resources', 45.00, 45.00, 'HIGHER_IS_BETTER', 50.00, 75.77, 77.38, 87.24, 'NITI Aayog Survey', NOW(), NOW()),
('a7ae63386a5cd731c5e4c0f6bdd96b6b', '19d764499e69c3379eb55490ac4ead17', '2023-24', 'Sectoral Growth Index - Department of Land Resources', 45.00, 48.78, 'HIGHER_IS_BETTER', 62.00, 87.72, 79.22, 69.17, 'NITI Aayog Survey', NOW(), NOW()),
('d0bc4c1b261211887f7e852285d29e8d', '19d764499e69c3379eb55490ac4ead17', '2024-25', 'Sectoral Growth Index - Department of Land Resources', 45.00, 50.81, 'HIGHER_IS_BETTER', 74.00, 75.46, 79.83, 76.92, 'NITI Aayog Survey', NOW(), NOW()),
('a9a8d0b63d1a7a81047a42fbf4ccf09e', '43fc5b15a67cdb34f78c409c394ce648', '2022-23', 'Sectoral Growth Index - Department of Health and Family Welfare', 33.00, 33.00, 'HIGHER_IS_BETTER', 50.00, 88.60, 83.90, 66.98, 'NITI Aayog Survey', NOW(), NOW()),
('7c8e45187ee6431372822bcb16ef683f', '43fc5b15a67cdb34f78c409c394ce648', '2023-24', 'Sectoral Growth Index - Department of Health and Family Welfare', 33.00, 35.70, 'HIGHER_IS_BETTER', 62.00, 75.13, 78.95, 75.65, 'NITI Aayog Survey', NOW(), NOW()),
('de6909fe495d20f40193959ac4882a3f', '43fc5b15a67cdb34f78c409c394ce648', '2024-25', 'Sectoral Growth Index - Department of Health and Family Welfare', 33.00, 33.46, 'HIGHER_IS_BETTER', 74.00, 71.26, 84.20, 75.20, 'NITI Aayog Survey', NOW(), NOW()),
('48625a7a7ae397b7fee51bda1873c321', '75b7f0fe4446d39799500d08a7910dfd', '2022-23', 'Sectoral Growth Index - Department of Health Research', 61.00, 61.00, 'HIGHER_IS_BETTER', 50.00, 77.98, 75.81, 78.99, 'NITI Aayog Survey', NOW(), NOW()),
('02523b41df3cb58b77bc08bd6c6beb65', '75b7f0fe4446d39799500d08a7910dfd', '2023-24', 'Sectoral Growth Index - Department of Health Research', 61.00, 64.31, 'HIGHER_IS_BETTER', 62.00, 78.46, 71.80, 66.93, 'NITI Aayog Survey', NOW(), NOW()),
('09647f9f7ea11236a9292b6eacf104c9', '75b7f0fe4446d39799500d08a7910dfd', '2024-25', 'Sectoral Growth Index - Department of Health Research', 61.00, 69.55, 'HIGHER_IS_BETTER', 74.00, 74.57, 82.09, 77.80, 'NITI Aayog Survey', NOW(), NOW()),
('4feebf44383329a2e92f35dd396fa4ea', '316e484797a95efec5ad3c7daf5e3cdc', '2022-23', 'Sectoral Growth Index - Department of Agriculture and Farmers Welfare', 73.00, 73.00, 'HIGHER_IS_BETTER', 50.00, 83.52, 62.07, 85.97, 'NITI Aayog Survey', NOW(), NOW()),
('315cd60cdca95eefad6f93c7069ead35', '316e484797a95efec5ad3c7daf5e3cdc', '2023-24', 'Sectoral Growth Index - Department of Agriculture and Farmers Welfare', 73.00, 74.47, 'HIGHER_IS_BETTER', 62.00, 75.09, 70.61, 71.47, 'NITI Aayog Survey', NOW(), NOW()),
('c9a956913d51af317d4f8dc7d3ff2fbd', '316e484797a95efec5ad3c7daf5e3cdc', '2024-25', 'Sectoral Growth Index - Department of Agriculture and Farmers Welfare', 73.00, 74.78, 'HIGHER_IS_BETTER', 74.00, 81.46, 75.86, 87.50, 'NITI Aayog Survey', NOW(), NOW()),
('77ea02f0e4145fc19a524e35995de5b6', 'bd9c0362cb64d35017a745762eb36acb', '2022-23', 'Sectoral Growth Index - Department of Agricultural Research and Education', 17.00, 17.00, 'HIGHER_IS_BETTER', 50.00, 71.36, 88.93, 73.72, 'NITI Aayog Survey', NOW(), NOW()),
('463d4b989e559fb43a3a8fb27cdc2e17', 'bd9c0362cb64d35017a745762eb36acb', '2023-24', 'Sectoral Growth Index - Department of Agricultural Research and Education', 17.00, 17.37, 'HIGHER_IS_BETTER', 62.00, 71.99, 88.68, 68.05, 'NITI Aayog Survey', NOW(), NOW()),
('1f626a3edd1ed7e9c25aca5c2166f338', 'bd9c0362cb64d35017a745762eb36acb', '2024-25', 'Sectoral Growth Index - Department of Agricultural Research and Education', 17.00, 25.93, 'HIGHER_IS_BETTER', 74.00, 76.92, 66.41, 86.86, 'NITI Aayog Survey', NOW(), NOW()),
('f5ee531f0ce99f4a1f86ff3279d07fbf', '70756344eafa098376516b52b004424e', '2022-23', 'Sectoral Growth Index - Department of Drinking Water and Sanitation', 74.00, 74.00, 'HIGHER_IS_BETTER', 50.00, 82.02, 74.21, 84.16, 'NITI Aayog Survey', NOW(), NOW()),
('c04dfa19abfbeab629db6a529b0800d3', '70756344eafa098376516b52b004424e', '2023-24', 'Sectoral Growth Index - Department of Drinking Water and Sanitation', 74.00, 76.67, 'HIGHER_IS_BETTER', 62.00, 70.27, 85.50, 78.98, 'NITI Aayog Survey', NOW(), NOW()),
('db0212d7e4c7f97c00429098f3966b09', '70756344eafa098376516b52b004424e', '2024-25', 'Sectoral Growth Index - Department of Drinking Water and Sanitation', 74.00, 83.64, 'HIGHER_IS_BETTER', 74.00, 78.45, 66.00, 74.85, 'NITI Aayog Survey', NOW(), NOW()),
('2ab82ab04e42ea3fe0ddb634cbc924bd', '938eafa6ca62e2a56d053d652d855757', '2022-23', 'Sectoral Growth Index - Department of Water Resources, RD & GR', 22.00, 22.00, 'HIGHER_IS_BETTER', 50.00, 75.78, 75.74, 86.83, 'NITI Aayog Survey', NOW(), NOW()),
('c28646d91b7cb0587acd03839a17ecae', '938eafa6ca62e2a56d053d652d855757', '2023-24', 'Sectoral Growth Index - Department of Water Resources, RD & GR', 22.00, 26.41, 'HIGHER_IS_BETTER', 62.00, 81.08, 87.07, 77.14, 'NITI Aayog Survey', NOW(), NOW()),
('d1026f7e4fe927c53316f61515ac276f', '938eafa6ca62e2a56d053d652d855757', '2024-25', 'Sectoral Growth Index - Department of Water Resources, RD & GR', 22.00, 28.16, 'HIGHER_IS_BETTER', 74.00, 89.06, 61.18, 80.44, 'NITI Aayog Survey', NOW(), NOW()),
('ad862e80c6581e442b06ecc92b0d4ecf', '56bacb895d09a6eb6ed329849bef351b', '2022-23', 'Sectoral Growth Index - Department of School Education and Literacy', 32.00, 32.00, 'HIGHER_IS_BETTER', 50.00, 70.17, 62.88, 87.33, 'NITI Aayog Survey', NOW(), NOW()),
('b47b0215ac8f49b42806b0ab7defc673', '56bacb895d09a6eb6ed329849bef351b', '2023-24', 'Sectoral Growth Index - Department of School Education and Literacy', 32.00, 34.80, 'HIGHER_IS_BETTER', 62.00, 78.55, 62.40, 79.21, 'NITI Aayog Survey', NOW(), NOW()),
('987f363a75f3df80ccd6088e91c74407', '56bacb895d09a6eb6ed329849bef351b', '2024-25', 'Sectoral Growth Index - Department of School Education and Literacy', 32.00, 38.41, 'HIGHER_IS_BETTER', 74.00, 77.14, 81.91, 68.12, 'NITI Aayog Survey', NOW(), NOW()),
('99f805ad0ec1afd83ed8190b36b1efc8', '8d77c6e94d36a8a808dbb39651cc4f55', '2022-23', 'Sectoral Growth Index - Department of Higher Education', 22.00, 22.00, 'HIGHER_IS_BETTER', 50.00, 83.15, 72.73, 88.83, 'NITI Aayog Survey', NOW(), NOW()),
('95d389d2cf832ee5ea5952c31622029f', '8d77c6e94d36a8a808dbb39651cc4f55', '2023-24', 'Sectoral Growth Index - Department of Higher Education', 22.00, 24.06, 'HIGHER_IS_BETTER', 62.00, 72.50, 67.77, 82.43, 'NITI Aayog Survey', NOW(), NOW()),
('81727958e5bf0638bb010edbe01b4048', '8d77c6e94d36a8a808dbb39651cc4f55', '2024-25', 'Sectoral Growth Index - Department of Higher Education', 22.00, 22.14, 'HIGHER_IS_BETTER', 74.00, 74.53, 71.64, 69.93, 'NITI Aayog Survey', NOW(), NOW());

INSERT INTO "SchemeScore" ("id", "schemeId", "fiscalYear", "utilizationScore", "utilizationBreakdown", "outputScore", "outputBreakdown", "outcomeScore", "outcomeBreakdown", "finalScore", "calculatedAt", "createdAt", "updatedAt") VALUES
('86762aaaa5af2540dff8532f16556327', 'c093f335fd3b43ac9b1bc170f83e6cad', '2022-23', 88.82, '{"Q1":25,"Q2":25,"Q3":25,"Q4":25}', 88.81, '{"Physical":"88.81","Beneficiary":90}', 50.00, '{"KPI Progress":"50.00","Survey":85}', 73.29, NOW(), NOW(), NOW()),
('a26888b5e57e4e401f5b5daf8ba0d2ad', 'c093f335fd3b43ac9b1bc170f83e6cad', '2023-24', 89.73, '{"Q1":25,"Q2":25,"Q3":25,"Q4":25}', 89.63, '{"Physical":"89.63","Beneficiary":90}', 62.00, '{"KPI Progress":"62.00","Survey":85}', 78.61, NOW(), NOW(), NOW()),
('b436cde0038d457e540eb974fe85d3bb', 'c093f335fd3b43ac9b1bc170f83e6cad', '2024-25', 50.62, '{"Q1":25,"Q2":25,"Q3":25,"Q4":25}', 50.58, '{"Physical":"50.58","Beneficiary":90}', 74.00, '{"KPI Progress":"74.00","Survey":85}', 59.96, NOW(), NOW(), NOW()),
('204f3272c0859146fce9f1de53408918', '06d6e3a1b23807edabac7cb41e0b531e', '2022-23', 94.74, '{"Q1":25,"Q2":25,"Q3":25,"Q4":25}', 94.30, '{"Physical":"94.30","Beneficiary":90}', 50.00, '{"KPI Progress":"50.00","Survey":85}', 76.71, NOW(), NOW(), NOW()),
('c535dc7d246fdd901f5f5dec20f406f4', '06d6e3a1b23807edabac7cb41e0b531e', '2023-24', 82.90, '{"Q1":25,"Q2":25,"Q3":25,"Q4":25}', 82.78, '{"Physical":"82.78","Beneficiary":90}', 62.00, '{"KPI Progress":"62.00","Survey":85}', 74.50, NOW(), NOW(), NOW()),
('76c61c6ffe64c315e7a8356f4bdd5714', '06d6e3a1b23807edabac7cb41e0b531e', '2024-25', 54.46, '{"Q1":25,"Q2":25,"Q3":25,"Q4":25}', 54.02, '{"Physical":"54.02","Beneficiary":90}', 74.00, '{"KPI Progress":"74.00","Survey":85}', 62.14, NOW(), NOW(), NOW()),
('355088f684544428cf3c5d5bae313fb0', 'bb3ceb17251d193685d1631145aa8bd2', '2022-23', 88.52, '{"Q1":25,"Q2":25,"Q3":25,"Q4":25}', 88.49, '{"Physical":"88.49","Beneficiary":90}', 50.00, '{"KPI Progress":"50.00","Survey":85}', 73.10, NOW(), NOW(), NOW()),
('d2fa407d6cb011885be98fbe5c5a6a86', 'bb3ceb17251d193685d1631145aa8bd2', '2023-24', 82.61, '{"Q1":25,"Q2":25,"Q3":25,"Q4":25}', 82.42, '{"Physical":"82.42","Beneficiary":90}', 62.00, '{"KPI Progress":"62.00","Survey":85}', 74.31, NOW(), NOW(), NOW()),
('9a254b98f9571c3d7e818a1dbb5946a2', 'bb3ceb17251d193685d1631145aa8bd2', '2024-25', 49.25, '{"Q1":25,"Q2":25,"Q3":25,"Q4":25}', 49.15, '{"Physical":"49.15","Beneficiary":90}', 74.00, '{"KPI Progress":"74.00","Survey":85}', 59.12, NOW(), NOW(), NOW()),
('d316750dd4082dbb90ef5c2542979117', '79f318265fbb3566e828b23c490be6bd', '2022-23', 93.69, '{"Q1":25,"Q2":25,"Q3":25,"Q4":25}', 93.61, '{"Physical":"93.61","Beneficiary":90}', 50.00, '{"KPI Progress":"50.00","Survey":85}', 76.19, NOW(), NOW(), NOW()),
('035367422cd33e5a1dadb4d5abf55d0d', '79f318265fbb3566e828b23c490be6bd', '2023-24', 80.34, '{"Q1":25,"Q2":25,"Q3":25,"Q4":25}', 80.23, '{"Physical":"80.23","Beneficiary":90}', 62.00, '{"KPI Progress":"62.00","Survey":85}', 72.97, NOW(), NOW(), NOW()),
('1911007b3ba3e11bdb01dd97c018269b', '79f318265fbb3566e828b23c490be6bd', '2024-25', 50.25, '{"Q1":25,"Q2":25,"Q3":25,"Q4":25}', 50.21, '{"Physical":"50.21","Beneficiary":90}', 74.00, '{"KPI Progress":"74.00","Survey":85}', 59.74, NOW(), NOW(), NOW()),
('59f5f2dfb7c4595ab5cfd44fda320cd2', '80e178686a879e21459d42fd5247cd78', '2022-23', 87.86, '{"Q1":25,"Q2":25,"Q3":25,"Q4":25}', 87.76, '{"Physical":"87.76","Beneficiary":90}', 50.00, '{"KPI Progress":"50.00","Survey":85}', 72.69, NOW(), NOW(), NOW()),
('d191cd6f0a46197c63f037b417b718cb', '80e178686a879e21459d42fd5247cd78', '2023-24', 86.40, '{"Q1":25,"Q2":25,"Q3":25,"Q4":25}', 86.39, '{"Physical":"86.39","Beneficiary":90}', 62.00, '{"KPI Progress":"62.00","Survey":85}', 76.64, NOW(), NOW(), NOW()),
('a5f5713d46d7a447f615c468e0b90a36', '80e178686a879e21459d42fd5247cd78', '2024-25', 52.44, '{"Q1":25,"Q2":25,"Q3":25,"Q4":25}', 52.44, '{"Physical":"52.44","Beneficiary":90}', 74.00, '{"KPI Progress":"74.00","Survey":85}', 61.06, NOW(), NOW(), NOW()),
('3fdc99549c02f187bb139c73b1f9709a', '8d55c1aafe95c0df60fbfeaf909538e1', '2022-23', 89.32, '{"Q1":25,"Q2":25,"Q3":25,"Q4":25}', 89.16, '{"Physical":"89.16","Beneficiary":90}', 50.00, '{"KPI Progress":"50.00","Survey":85}', 73.55, NOW(), NOW(), NOW()),
('107a984a38624ad3e62a31629091ea8d', '8d55c1aafe95c0df60fbfeaf909538e1', '2023-24', 83.87, '{"Q1":25,"Q2":25,"Q3":25,"Q4":25}', 83.80, '{"Physical":"83.80","Beneficiary":90}', 62.00, '{"KPI Progress":"62.00","Survey":85}', 75.10, NOW(), NOW(), NOW()),
('0fb7c94990dd49c436c27107f59839c8', '8d55c1aafe95c0df60fbfeaf909538e1', '2024-25', 53.62, '{"Q1":25,"Q2":25,"Q3":25,"Q4":25}', 53.52, '{"Physical":"53.52","Beneficiary":90}', 74.00, '{"KPI Progress":"74.00","Survey":85}', 61.74, NOW(), NOW(), NOW()),
('8cf028aa7b3226ee3a307d2f28e560c3', 'a43c549cfae9e8a1edae0c8363b06ab6', '2022-23', 80.03, '{"Q1":25,"Q2":25,"Q3":25,"Q4":25}', 79.37, '{"Physical":"79.37","Beneficiary":90}', 50.00, '{"KPI Progress":"50.00","Survey":85}', 67.82, NOW(), NOW(), NOW()),
('011a3b943ab861a51fc192095432619d', 'a43c549cfae9e8a1edae0c8363b06ab6', '2023-24', 91.82, '{"Q1":25,"Q2":25,"Q3":25,"Q4":25}', 91.18, '{"Physical":"91.18","Beneficiary":90}', 62.00, '{"KPI Progress":"62.00","Survey":85}', 79.70, NOW(), NOW(), NOW()),
('a31b706678db073d34c186f8fb2e25c7', 'a43c549cfae9e8a1edae0c8363b06ab6', '2024-25', 46.13, '{"Q1":25,"Q2":25,"Q3":25,"Q4":25}', 45.89, '{"Physical":"45.89","Beneficiary":90}', 74.00, '{"KPI Progress":"74.00","Survey":85}', 57.21, NOW(), NOW(), NOW()),
('c4476685591e2e1a5a02a23d0fb779fa', '53f6b140df97df2536d42f7fa00505b9', '2022-23', 82.46, '{"Q1":25,"Q2":25,"Q3":25,"Q4":25}', 82.34, '{"Physical":"82.34","Beneficiary":90}', 50.00, '{"KPI Progress":"50.00","Survey":85}', 69.44, NOW(), NOW(), NOW()),
('cd1f32f90f3743b4dce15798160addce', '53f6b140df97df2536d42f7fa00505b9', '2023-24', 84.98, '{"Q1":25,"Q2":25,"Q3":25,"Q4":25}', 84.88, '{"Physical":"84.88","Beneficiary":90}', 62.00, '{"KPI Progress":"62.00","Survey":85}', 75.76, NOW(), NOW(), NOW()),
('a08b92725e7208def1678ea285513e00', '53f6b140df97df2536d42f7fa00505b9', '2024-25', 46.03, '{"Q1":25,"Q2":25,"Q3":25,"Q4":25}', 45.92, '{"Physical":"45.92","Beneficiary":90}', 74.00, '{"KPI Progress":"74.00","Survey":85}', 57.19, NOW(), NOW(), NOW()),
('c907b2a7ba66fc9ffcdfcb713251cbde', '86fab431c35332be8eb447a04b443454', '2022-23', 82.86, '{"Q1":25,"Q2":25,"Q3":25,"Q4":25}', 82.79, '{"Physical":"82.79","Beneficiary":90}', 50.00, '{"KPI Progress":"50.00","Survey":85}', 69.70, NOW(), NOW(), NOW()),
('e0367a1012fcb3f1cbe8a49081483889', '86fab431c35332be8eb447a04b443454', '2023-24', 80.94, '{"Q1":25,"Q2":25,"Q3":25,"Q4":25}', 80.87, '{"Physical":"80.87","Beneficiary":90}', 62.00, '{"KPI Progress":"62.00","Survey":85}', 73.34, NOW(), NOW(), NOW()),
('cc3259cf7b1c0d95aad4fe4aa41bf58c', '86fab431c35332be8eb447a04b443454', '2024-25', 48.30, '{"Q1":25,"Q2":25,"Q3":25,"Q4":25}', 48.28, '{"Physical":"48.28","Beneficiary":90}', 74.00, '{"KPI Progress":"74.00","Survey":85}', 58.57, NOW(), NOW(), NOW()),
('642ec3839285aae026e5b3cc7f767e19', '7226269fe1be1100f2d38d32852b938e', '2022-23', 87.98, '{"Q1":25,"Q2":25,"Q3":25,"Q4":25}', 87.67, '{"Physical":"87.67","Beneficiary":90}', 50.00, '{"KPI Progress":"50.00","Survey":85}', 72.70, NOW(), NOW(), NOW()),
('216e2ed41ac904985d0183649a96e52a', '7226269fe1be1100f2d38d32852b938e', '2023-24', 84.70, '{"Q1":25,"Q2":25,"Q3":25,"Q4":25}', 84.32, '{"Physical":"84.32","Beneficiary":90}', 62.00, '{"KPI Progress":"62.00","Survey":85}', 75.51, NOW(), NOW(), NOW()),
('6ef80f16906ab58dffb8153d6448fd2a', '7226269fe1be1100f2d38d32852b938e', '2024-25', 50.38, '{"Q1":25,"Q2":25,"Q3":25,"Q4":25}', 50.00, '{"Physical":"50.00","Beneficiary":90}', 74.00, '{"KPI Progress":"74.00","Survey":85}', 59.72, NOW(), NOW(), NOW()),
('2f928a507561d5f36980e911b17f798f', 'fb3c20adbeb1afd2cb1293e01c9d3d5b', '2022-23', 93.04, '{"Q1":25,"Q2":25,"Q3":25,"Q4":25}', 92.68, '{"Physical":"92.68","Beneficiary":90}', 50.00, '{"KPI Progress":"50.00","Survey":85}', 75.72, NOW(), NOW(), NOW()),
('b68a20f21e8d64d7f1f7412911145b8c', 'fb3c20adbeb1afd2cb1293e01c9d3d5b', '2023-24', 91.41, '{"Q1":25,"Q2":25,"Q3":25,"Q4":25}', 90.98, '{"Physical":"90.98","Beneficiary":90}', 62.00, '{"KPI Progress":"62.00","Survey":85}', 79.52, NOW(), NOW(), NOW()),
('a53cf836a22c9fe936f0fc411f13db3c', 'fb3c20adbeb1afd2cb1293e01c9d3d5b', '2024-25', 50.27, '{"Q1":25,"Q2":25,"Q3":25,"Q4":25}', 49.65, '{"Physical":"49.65","Beneficiary":90}', 74.00, '{"KPI Progress":"74.00","Survey":85}', 59.58, NOW(), NOW(), NOW()),
('5a3db018475de170f295f935e3d313ee', '0ab420f720e4ed7626c6f53b067a812c', '2022-23', 80.92, '{"Q1":25,"Q2":25,"Q3":25,"Q4":25}', 80.70, '{"Physical":"80.70","Beneficiary":90}', 50.00, '{"KPI Progress":"50.00","Survey":85}', 68.49, NOW(), NOW(), NOW()),
('c16df1258192f7095a85509bbdcf57e1', '0ab420f720e4ed7626c6f53b067a812c', '2023-24', 80.48, '{"Q1":25,"Q2":25,"Q3":25,"Q4":25}', 79.67, '{"Physical":"79.67","Beneficiary":90}', 62.00, '{"KPI Progress":"62.00","Survey":85}', 72.85, NOW(), NOW(), NOW()),
('30be4afb31a964b64f461a8f5595b386', '0ab420f720e4ed7626c6f53b067a812c', '2024-25', 52.02, '{"Q1":25,"Q2":25,"Q3":25,"Q4":25}', 51.52, '{"Physical":"51.52","Beneficiary":90}', 74.00, '{"KPI Progress":"74.00","Survey":85}', 60.66, NOW(), NOW(), NOW()),
('ad5c7b67ea250ecce947bb61f8b91464', '9011dba18d27c0cbce652e56861cf941', '2022-23', 84.39, '{"Q1":25,"Q2":25,"Q3":25,"Q4":25}', 83.65, '{"Physical":"83.65","Beneficiary":90}', 50.00, '{"KPI Progress":"50.00","Survey":85}', 70.41, NOW(), NOW(), NOW()),
('e0930a28691e3e949cf865890ec8836d', '9011dba18d27c0cbce652e56861cf941', '2023-24', 92.63, '{"Q1":25,"Q2":25,"Q3":25,"Q4":25}', 91.96, '{"Physical":"91.96","Beneficiary":90}', 62.00, '{"KPI Progress":"62.00","Survey":85}', 80.18, NOW(), NOW(), NOW()),
('934cf5dbbdf9cada18edf4d18d816112', '9011dba18d27c0cbce652e56861cf941', '2024-25', 47.64, '{"Q1":25,"Q2":25,"Q3":25,"Q4":25}', 47.50, '{"Physical":"47.50","Beneficiary":90}', 74.00, '{"KPI Progress":"74.00","Survey":85}', 58.14, NOW(), NOW(), NOW()),
('99d3f1b687ef5615da2f7825d50c94fc', '7246bfbe393dd7c738bda807e17652f5', '2022-23', 92.67, '{"Q1":25,"Q2":25,"Q3":25,"Q4":25}', 92.47, '{"Physical":"92.47","Beneficiary":90}', 50.00, '{"KPI Progress":"50.00","Survey":85}', 75.54, NOW(), NOW(), NOW()),
('f88458011ad1e612f116ed3e51bd3bdd', '7246bfbe393dd7c738bda807e17652f5', '2023-24', 81.77, '{"Q1":25,"Q2":25,"Q3":25,"Q4":25}', 81.59, '{"Physical":"81.59","Beneficiary":90}', 62.00, '{"KPI Progress":"62.00","Survey":85}', 73.81, NOW(), NOW(), NOW()),
('7bef6d93489ab537b506c184ce43d00a', '7246bfbe393dd7c738bda807e17652f5', '2024-25', 45.63, '{"Q1":25,"Q2":25,"Q3":25,"Q4":25}', 45.49, '{"Physical":"45.49","Beneficiary":90}', 74.00, '{"KPI Progress":"74.00","Survey":85}', 56.94, NOW(), NOW(), NOW()),
('796dfcc78ca1e073d8c88c113393d6cb', '37bfcaf53d855151ddee5543aeb9d9ae', '2022-23', 84.02, '{"Q1":25,"Q2":25,"Q3":25,"Q4":25}', 83.52, '{"Physical":"83.52","Beneficiary":90}', 50.00, '{"KPI Progress":"50.00","Survey":85}', 70.26, NOW(), NOW(), NOW()),
('0e34ebb90c253e077ac8902646b248d5', '37bfcaf53d855151ddee5543aeb9d9ae', '2023-24', 85.03, '{"Q1":25,"Q2":25,"Q3":25,"Q4":25}', 84.77, '{"Physical":"84.77","Beneficiary":90}', 62.00, '{"KPI Progress":"62.00","Survey":85}', 75.74, NOW(), NOW(), NOW()),
('4616783082874a30feb2cc980ef8a59c', '37bfcaf53d855151ddee5543aeb9d9ae', '2024-25', 49.99, '{"Q1":25,"Q2":25,"Q3":25,"Q4":25}', 49.53, '{"Physical":"49.53","Beneficiary":90}', 74.00, '{"KPI Progress":"74.00","Survey":85}', 59.46, NOW(), NOW(), NOW()),
('89335b3fd1cc3f6faa63bd014dbb9b25', '0f69488a63473a83790ea0676ecd9a8e', '2022-23', 86.38, '{"Q1":25,"Q2":25,"Q3":25,"Q4":25}', 86.14, '{"Physical":"86.14","Beneficiary":90}', 50.00, '{"KPI Progress":"50.00","Survey":85}', 71.76, NOW(), NOW(), NOW()),
('0c3cde7593443885370d9d2f873521ca', '0f69488a63473a83790ea0676ecd9a8e', '2023-24', 85.26, '{"Q1":25,"Q2":25,"Q3":25,"Q4":25}', 85.02, '{"Physical":"85.02","Beneficiary":90}', 62.00, '{"KPI Progress":"62.00","Survey":85}', 75.88, NOW(), NOW(), NOW()),
('6bbd416aeace5b55e47d85294d99a489', '0f69488a63473a83790ea0676ecd9a8e', '2024-25', 45.91, '{"Q1":25,"Q2":25,"Q3":25,"Q4":25}', 45.74, '{"Physical":"45.74","Beneficiary":90}', 74.00, '{"KPI Progress":"74.00","Survey":85}', 57.09, NOW(), NOW(), NOW()),
('43c5e3cd8a95d451a49704f4ffbfc198', '08cb3f55b917a101d1b0bb4b78eee96f', '2022-23', 85.28, '{"Q1":25,"Q2":25,"Q3":25,"Q4":25}', 85.14, '{"Physical":"85.14","Beneficiary":90}', 50.00, '{"KPI Progress":"50.00","Survey":85}', 71.13, NOW(), NOW(), NOW()),
('7fc07c8def6306a178d0adc0a14d1e07', '08cb3f55b917a101d1b0bb4b78eee96f', '2023-24', 90.85, '{"Q1":25,"Q2":25,"Q3":25,"Q4":25}', 90.78, '{"Physical":"90.78","Beneficiary":90}', 62.00, '{"KPI Progress":"62.00","Survey":85}', 79.29, NOW(), NOW(), NOW());

INSERT INTO "SchemeScore" ("id", "schemeId", "fiscalYear", "utilizationScore", "utilizationBreakdown", "outputScore", "outputBreakdown", "outcomeScore", "outcomeBreakdown", "finalScore", "calculatedAt", "createdAt", "updatedAt") VALUES
('7ece302176364e70b944707f53a599d7', '08cb3f55b917a101d1b0bb4b78eee96f', '2024-25', 50.01, '{"Q1":25,"Q2":25,"Q3":25,"Q4":25}', 49.93, '{"Physical":"49.93","Beneficiary":90}', 74.00, '{"KPI Progress":"74.00","Survey":85}', 59.58, NOW(), NOW(), NOW()),
('d0d42f0d87b502cf891e5506eada9278', 'c6967c6ba11bf53014c51c895ab6eb4e', '2022-23', 80.96, '{"Q1":25,"Q2":25,"Q3":25,"Q4":25}', 80.77, '{"Physical":"80.77","Beneficiary":90}', 50.00, '{"KPI Progress":"50.00","Survey":85}', 68.52, NOW(), NOW(), NOW()),
('170a34c7ae96d21c52d792c3f561972b', 'c6967c6ba11bf53014c51c895ab6eb4e', '2023-24', 94.91, '{"Q1":25,"Q2":25,"Q3":25,"Q4":25}', 94.66, '{"Physical":"94.66","Beneficiary":90}', 62.00, '{"KPI Progress":"62.00","Survey":85}', 81.67, NOW(), NOW(), NOW()),
('c26758e0444e0fcc7047fe3d493f259f', 'c6967c6ba11bf53014c51c895ab6eb4e', '2024-25', 52.73, '{"Q1":25,"Q2":25,"Q3":25,"Q4":25}', 52.65, '{"Physical":"52.65","Beneficiary":90}', 74.00, '{"KPI Progress":"74.00","Survey":85}', 61.21, NOW(), NOW(), NOW()),
('8ca08e2b749eb13b64aadf9e95395065', 'f9365e4a36c5e9d473dc328628abe367', '2022-23', 94.31, '{"Q1":25,"Q2":25,"Q3":25,"Q4":25}', 94.30, '{"Physical":"94.30","Beneficiary":90}', 50.00, '{"KPI Progress":"50.00","Survey":85}', 76.58, NOW(), NOW(), NOW()),
('51cf021c3e1249d7db144d7f5bd7ed4a', 'f9365e4a36c5e9d473dc328628abe367', '2023-24', 84.57, '{"Q1":25,"Q2":25,"Q3":25,"Q4":25}', 84.12, '{"Physical":"84.12","Beneficiary":90}', 62.00, '{"KPI Progress":"62.00","Survey":85}', 75.41, NOW(), NOW(), NOW()),
('1556b3bd29372358df1d2029d7e4b895', 'f9365e4a36c5e9d473dc328628abe367', '2024-25', 45.14, '{"Q1":25,"Q2":25,"Q3":25,"Q4":25}', 44.81, '{"Physical":"44.81","Beneficiary":90}', 74.00, '{"KPI Progress":"74.00","Survey":85}', 56.58, NOW(), NOW(), NOW()),
('424a9a1fa2c13f4af192ef249a46963d', '28079d1463dfa00dac7c7ad3bbcf2846', '2022-23', 80.59, '{"Q1":25,"Q2":25,"Q3":25,"Q4":25}', 80.41, '{"Physical":"80.41","Beneficiary":90}', 50.00, '{"KPI Progress":"50.00","Survey":85}', 68.30, NOW(), NOW(), NOW()),
('9e90013c1f4bdee072275a36376f1446', '28079d1463dfa00dac7c7ad3bbcf2846', '2023-24', 94.77, '{"Q1":25,"Q2":25,"Q3":25,"Q4":25}', 94.58, '{"Physical":"94.58","Beneficiary":90}', 62.00, '{"KPI Progress":"62.00","Survey":85}', 81.61, NOW(), NOW(), NOW()),
('22b87fb54fcd85ce683d01b5d97da79d', '28079d1463dfa00dac7c7ad3bbcf2846', '2024-25', 48.79, '{"Q1":25,"Q2":25,"Q3":25,"Q4":25}', 48.64, '{"Physical":"48.64","Beneficiary":90}', 74.00, '{"KPI Progress":"74.00","Survey":85}', 58.83, NOW(), NOW(), NOW()),
('c3b2cc68d559b39bc6176a1918839fc4', 'cf8ba01aa1389aa9eaeff36d0d292767', '2022-23', 92.97, '{"Q1":25,"Q2":25,"Q3":25,"Q4":25}', 92.92, '{"Physical":"92.92","Beneficiary":90}', 50.00, '{"KPI Progress":"50.00","Survey":85}', 75.77, NOW(), NOW(), NOW()),
('04600254bb2007ed902fa508cc47482b', 'cf8ba01aa1389aa9eaeff36d0d292767', '2023-24', 87.94, '{"Q1":25,"Q2":25,"Q3":25,"Q4":25}', 87.93, '{"Physical":"87.93","Beneficiary":90}', 62.00, '{"KPI Progress":"62.00","Survey":85}', 77.56, NOW(), NOW(), NOW()),
('f308beb4f6beeb562e2b04e76dff357a', 'cf8ba01aa1389aa9eaeff36d0d292767', '2024-25', 49.33, '{"Q1":25,"Q2":25,"Q3":25,"Q4":25}', 49.27, '{"Physical":"49.27","Beneficiary":90}', 74.00, '{"KPI Progress":"74.00","Survey":85}', 59.18, NOW(), NOW(), NOW()),
('636bb6d72897ed2688518227c4a84351', '33dbca639d8808864fd6f53ccc7a0809', '2022-23', 86.01, '{"Q1":25,"Q2":25,"Q3":25,"Q4":25}', 85.81, '{"Physical":"85.81","Beneficiary":90}', 50.00, '{"KPI Progress":"50.00","Survey":85}', 71.55, NOW(), NOW(), NOW()),
('57e37a0fec26ef183454fd537d3d9ad5', '33dbca639d8808864fd6f53ccc7a0809', '2023-24', 86.81, '{"Q1":25,"Q2":25,"Q3":25,"Q4":25}', 86.64, '{"Physical":"86.64","Beneficiary":90}', 62.00, '{"KPI Progress":"62.00","Survey":85}', 76.84, NOW(), NOW(), NOW()),
('644bed092a33ce1f75b9a49ce675f98c', '33dbca639d8808864fd6f53ccc7a0809', '2024-25', 47.96, '{"Q1":25,"Q2":25,"Q3":25,"Q4":25}', 47.79, '{"Physical":"47.79","Beneficiary":90}', 74.00, '{"KPI Progress":"74.00","Survey":85}', 58.32, NOW(), NOW(), NOW()),
('ff6177020fda5baaf4d7cf04026f9e43', '7db0f5a8b666a236d3bfa3b57e60488d', '2022-23', 86.68, '{"Q1":25,"Q2":25,"Q3":25,"Q4":25}', 86.42, '{"Physical":"86.42","Beneficiary":90}', 50.00, '{"KPI Progress":"50.00","Survey":85}', 71.93, NOW(), NOW(), NOW()),
('31b0142ecde53ce2be66fa81ef7de91f', '7db0f5a8b666a236d3bfa3b57e60488d', '2023-24', 89.36, '{"Q1":25,"Q2":25,"Q3":25,"Q4":25}', 89.30, '{"Physical":"89.30","Beneficiary":90}', 62.00, '{"KPI Progress":"62.00","Survey":85}', 78.40, NOW(), NOW(), NOW()),
('f24d492e9aeaa94a2de21a6fb39e9b50', '7db0f5a8b666a236d3bfa3b57e60488d', '2024-25', 48.73, '{"Q1":25,"Q2":25,"Q3":25,"Q4":25}', 48.51, '{"Physical":"48.51","Beneficiary":90}', 74.00, '{"KPI Progress":"74.00","Survey":85}', 58.77, NOW(), NOW(), NOW()),
('2c0f8f0c12be73cc83bb3078af53a083', '89e5305f216d7ecdc22e5f009af81079', '2022-23', 87.90, '{"Q1":25,"Q2":25,"Q3":25,"Q4":25}', 87.81, '{"Physical":"87.81","Beneficiary":90}', 50.00, '{"KPI Progress":"50.00","Survey":85}', 72.71, NOW(), NOW(), NOW()),
('40f06fd07ede37c76fd38e9e94db9c1e', '89e5305f216d7ecdc22e5f009af81079', '2023-24', 91.90, '{"Q1":25,"Q2":25,"Q3":25,"Q4":25}', 91.62, '{"Physical":"91.62","Beneficiary":90}', 62.00, '{"KPI Progress":"62.00","Survey":85}', 79.86, NOW(), NOW(), NOW()),
('9eba94f10eeca287c72838a77488be31', '89e5305f216d7ecdc22e5f009af81079', '2024-25', 52.75, '{"Q1":25,"Q2":25,"Q3":25,"Q4":25}', 52.69, '{"Physical":"52.69","Beneficiary":90}', 74.00, '{"KPI Progress":"74.00","Survey":85}', 61.23, NOW(), NOW(), NOW()),
('b99dfd54f7d2ca423594e61fe0440cad', 'e63f5c3fbb1457d8f594c7dce88d2abe', '2022-23', 94.96, '{"Q1":25,"Q2":25,"Q3":25,"Q4":25}', 94.91, '{"Physical":"94.91","Beneficiary":90}', 50.00, '{"KPI Progress":"50.00","Survey":85}', 76.96, NOW(), NOW(), NOW()),
('cf5c45e02b89c82995bd2038958cc7d3', 'e63f5c3fbb1457d8f594c7dce88d2abe', '2023-24', 82.36, '{"Q1":25,"Q2":25,"Q3":25,"Q4":25}', 82.26, '{"Physical":"82.26","Beneficiary":90}', 62.00, '{"KPI Progress":"62.00","Survey":85}', 74.19, NOW(), NOW(), NOW()),
('7235f58882437871b49678c737355603', 'e63f5c3fbb1457d8f594c7dce88d2abe', '2024-25', 52.92, '{"Q1":25,"Q2":25,"Q3":25,"Q4":25}', 52.90, '{"Physical":"52.90","Beneficiary":90}', 74.00, '{"KPI Progress":"74.00","Survey":85}', 61.35, NOW(), NOW(), NOW()),
('bc2dcb53c9af26c8b563995ce7f56d6d', '37c9d5a055f2e741803bbe471ea04746', '2022-23', 81.87, '{"Q1":25,"Q2":25,"Q3":25,"Q4":25}', 81.79, '{"Physical":"81.79","Beneficiary":90}', 50.00, '{"KPI Progress":"50.00","Survey":85}', 69.10, NOW(), NOW(), NOW()),
('ec9631b4dad4792c7ade5019a8a51934', '37c9d5a055f2e741803bbe471ea04746', '2023-24', 85.90, '{"Q1":25,"Q2":25,"Q3":25,"Q4":25}', 85.76, '{"Physical":"85.76","Beneficiary":90}', 62.00, '{"KPI Progress":"62.00","Survey":85}', 76.30, NOW(), NOW(), NOW()),
('591521f0e19425a0b64334579b59d7b1', '37c9d5a055f2e741803bbe471ea04746', '2024-25', 46.27, '{"Q1":25,"Q2":25,"Q3":25,"Q4":25}', 45.99, '{"Physical":"45.99","Beneficiary":90}', 74.00, '{"KPI Progress":"74.00","Survey":85}', 57.28, NOW(), NOW(), NOW()),
('8e2eb1adf4375d3373ed603ea69d0fe4', 'ce744f7e5d648736efd12ae5ee52bf97', '2022-23', 87.20, '{"Q1":25,"Q2":25,"Q3":25,"Q4":25}', 87.12, '{"Physical":"87.12","Beneficiary":90}', 50.00, '{"KPI Progress":"50.00","Survey":85}', 72.30, NOW(), NOW(), NOW()),
('e7328e6e6cbee1aae108deff92fc34b0', 'ce744f7e5d648736efd12ae5ee52bf97', '2023-24', 82.14, '{"Q1":25,"Q2":25,"Q3":25,"Q4":25}', 81.82, '{"Physical":"81.82","Beneficiary":90}', 62.00, '{"KPI Progress":"62.00","Survey":85}', 73.99, NOW(), NOW(), NOW()),
('b9e31cc39aef370eb82a08242688f324', 'ce744f7e5d648736efd12ae5ee52bf97', '2024-25', 48.26, '{"Q1":25,"Q2":25,"Q3":25,"Q4":25}', 47.71, '{"Physical":"47.71","Beneficiary":90}', 74.00, '{"KPI Progress":"74.00","Survey":85}', 58.39, NOW(), NOW(), NOW()),
('72505ed972ebd2f7262ce60e7cd55402', 'b86a9e6d46f4986b772e0f3ca07d5141', '2022-23', 91.01, '{"Q1":25,"Q2":25,"Q3":25,"Q4":25}', 90.96, '{"Physical":"90.96","Beneficiary":90}', 50.00, '{"KPI Progress":"50.00","Survey":85}', 74.59, NOW(), NOW(), NOW()),
('a830e54b57a83d053add4b984bc0d4b0', 'b86a9e6d46f4986b772e0f3ca07d5141', '2023-24', 80.31, '{"Q1":25,"Q2":25,"Q3":25,"Q4":25}', 80.30, '{"Physical":"80.30","Beneficiary":90}', 62.00, '{"KPI Progress":"62.00","Survey":85}', 72.98, NOW(), NOW(), NOW()),
('45f93e5eb355fcf4f369e875958befba', 'b86a9e6d46f4986b772e0f3ca07d5141', '2024-25', 51.52, '{"Q1":25,"Q2":25,"Q3":25,"Q4":25}', 51.38, '{"Physical":"51.38","Beneficiary":90}', 74.00, '{"KPI Progress":"74.00","Survey":85}', 60.47, NOW(), NOW(), NOW()),
('4a26f8775ce864b01835834aed5d6d2c', '8a9c30995d30fccd501b1c1f6e8cd336', '2022-23', 94.60, '{"Q1":25,"Q2":25,"Q3":25,"Q4":25}', 94.41, '{"Physical":"94.41","Beneficiary":90}', 50.00, '{"KPI Progress":"50.00","Survey":85}', 76.70, NOW(), NOW(), NOW()),
('b34a567973fc712a5714e179a63db234', '8a9c30995d30fccd501b1c1f6e8cd336', '2023-24', 88.55, '{"Q1":25,"Q2":25,"Q3":25,"Q4":25}', 88.41, '{"Physical":"88.41","Beneficiary":90}', 62.00, '{"KPI Progress":"62.00","Survey":85}', 77.89, NOW(), NOW(), NOW()),
('8563078bffc250eead0aca2717c35690', '8a9c30995d30fccd501b1c1f6e8cd336', '2024-25', 53.51, '{"Q1":25,"Q2":25,"Q3":25,"Q4":25}', 53.40, '{"Physical":"53.40","Beneficiary":90}', 74.00, '{"KPI Progress":"74.00","Survey":85}', 61.67, NOW(), NOW(), NOW()),
('5daa4870553a325c9afe238ef1d0da46', '13275e4672ba50022c7a4a7fa431ab38', '2022-23', 81.91, '{"Q1":25,"Q2":25,"Q3":25,"Q4":25}', 81.74, '{"Physical":"81.74","Beneficiary":90}', 50.00, '{"KPI Progress":"50.00","Survey":85}', 69.09, NOW(), NOW(), NOW()),
('2ed312334790b3bfdc3de89c556a7aa4', '13275e4672ba50022c7a4a7fa431ab38', '2023-24', 92.92, '{"Q1":25,"Q2":25,"Q3":25,"Q4":25}', 92.87, '{"Physical":"92.87","Beneficiary":90}', 62.00, '{"KPI Progress":"62.00","Survey":85}', 80.54, NOW(), NOW(), NOW()),
('a731ea65ffe3a1a644ceb2c1ad7a4fb0', '13275e4672ba50022c7a4a7fa431ab38', '2024-25', 49.83, '{"Q1":25,"Q2":25,"Q3":25,"Q4":25}', 49.78, '{"Physical":"49.78","Beneficiary":90}', 74.00, '{"KPI Progress":"74.00","Survey":85}', 59.49, NOW(), NOW(), NOW()),
('86c3d290e065718f1de9ad44e706b40e', '0c7748e35a8a564692e93f543bce0132', '2022-23', 88.96, '{"Q1":25,"Q2":25,"Q3":25,"Q4":25}', 88.69, '{"Physical":"88.69","Beneficiary":90}', 50.00, '{"KPI Progress":"50.00","Survey":85}', 73.29, NOW(), NOW(), NOW()),
('4ff056b0399272635ac741c8cc2c663b', '0c7748e35a8a564692e93f543bce0132', '2023-24', 92.31, '{"Q1":25,"Q2":25,"Q3":25,"Q4":25}', 92.07, '{"Physical":"92.07","Beneficiary":90}', 62.00, '{"KPI Progress":"62.00","Survey":85}', 80.11, NOW(), NOW(), NOW()),
('9c3490fe3f8d95c064016cc07c9e5c73', '0c7748e35a8a564692e93f543bce0132', '2024-25', 49.94, '{"Q1":25,"Q2":25,"Q3":25,"Q4":25}', 49.87, '{"Physical":"49.87","Beneficiary":90}', 74.00, '{"KPI Progress":"74.00","Survey":85}', 59.54, NOW(), NOW(), NOW()),
('7f724195156813769312807a6660e80a', 'de3f3d0a64273cff51d3b13bcb4dfa0a', '2022-23', 83.94, '{"Q1":25,"Q2":25,"Q3":25,"Q4":25}', 83.74, '{"Physical":"83.74","Beneficiary":90}', 50.00, '{"KPI Progress":"50.00","Survey":85}', 70.30, NOW(), NOW(), NOW()),
('96840ba3f687f109defbc447e21d7e97', 'de3f3d0a64273cff51d3b13bcb4dfa0a', '2023-24', 80.66, '{"Q1":25,"Q2":25,"Q3":25,"Q4":25}', 80.45, '{"Physical":"80.45","Beneficiary":90}', 62.00, '{"KPI Progress":"62.00","Survey":85}', 73.13, NOW(), NOW(), NOW()),
('73cd66968d1cd7017356d8c497c4c85f', 'de3f3d0a64273cff51d3b13bcb4dfa0a', '2024-25', 50.22, '{"Q1":25,"Q2":25,"Q3":25,"Q4":25}', 50.18, '{"Physical":"50.18","Beneficiary":90}', 74.00, '{"KPI Progress":"74.00","Survey":85}', 59.72, NOW(), NOW(), NOW()),
('c1c1975f95c1330722985eb251d3a62f', '0bc2b936180818728e624526c6be7143', '2022-23', 86.96, '{"Q1":25,"Q2":25,"Q3":25,"Q4":25}', 86.83, '{"Physical":"86.83","Beneficiary":90}', 50.00, '{"KPI Progress":"50.00","Survey":85}', 72.14, NOW(), NOW(), NOW()),
('8a8c80756cde05b45989b5b1a96f4097', '0bc2b936180818728e624526c6be7143', '2023-24', 94.63, '{"Q1":25,"Q2":25,"Q3":25,"Q4":25}', 94.45, '{"Physical":"94.45","Beneficiary":90}', 62.00, '{"KPI Progress":"62.00","Survey":85}', 81.53, NOW(), NOW(), NOW()),
('69847c42a33ae0bd495b53e7aacd419f', '0bc2b936180818728e624526c6be7143', '2024-25', 45.55, '{"Q1":25,"Q2":25,"Q3":25,"Q4":25}', 45.44, '{"Physical":"45.44","Beneficiary":90}', 74.00, '{"KPI Progress":"74.00","Survey":85}', 56.90, NOW(), NOW(), NOW()),
('06bad46d677cc83cf62513e2c51504b3', '618daad78f14d55c1b8dac725a649de5', '2022-23', 90.20, '{"Q1":25,"Q2":25,"Q3":25,"Q4":25}', 90.15, '{"Physical":"90.15","Beneficiary":90}', 50.00, '{"KPI Progress":"50.00","Survey":85}', 74.10, NOW(), NOW(), NOW());

INSERT INTO "SchemeScore" ("id", "schemeId", "fiscalYear", "utilizationScore", "utilizationBreakdown", "outputScore", "outputBreakdown", "outcomeScore", "outcomeBreakdown", "finalScore", "calculatedAt", "createdAt", "updatedAt") VALUES
('ff44260d7705a56c9bee55b6dba66028', '618daad78f14d55c1b8dac725a649de5', '2023-24', 91.29, '{"Q1":25,"Q2":25,"Q3":25,"Q4":25}', 91.29, '{"Physical":"91.29","Beneficiary":90}', 62.00, '{"KPI Progress":"62.00","Survey":85}', 79.57, NOW(), NOW(), NOW()),
('c6b4ba589ea9ddd856a875252a444c56', '618daad78f14d55c1b8dac725a649de5', '2024-25', 53.15, '{"Q1":25,"Q2":25,"Q3":25,"Q4":25}', 53.14, '{"Physical":"53.14","Beneficiary":90}', 74.00, '{"KPI Progress":"74.00","Survey":85}', 61.49, NOW(), NOW(), NOW()),
('4a146e32b9500c44ba08df2a03281c42', 'aa37998535d115af2103444a28263f6a', '2022-23', 89.44, '{"Q1":25,"Q2":25,"Q3":25,"Q4":25}', 89.19, '{"Physical":"89.19","Beneficiary":90}', 50.00, '{"KPI Progress":"50.00","Survey":85}', 73.59, NOW(), NOW(), NOW()),
('0955c7c4d33e3ea1ba1f7f7661ebf3c9', 'aa37998535d115af2103444a28263f6a', '2023-24', 92.44, '{"Q1":25,"Q2":25,"Q3":25,"Q4":25}', 91.67, '{"Physical":"91.67","Beneficiary":90}', 62.00, '{"KPI Progress":"62.00","Survey":85}', 80.03, NOW(), NOW(), NOW()),
('fe6a32cd050a2bdab80f66ca1461f7ea', 'aa37998535d115af2103444a28263f6a', '2024-25', 45.01, '{"Q1":25,"Q2":25,"Q3":25,"Q4":25}', 44.96, '{"Physical":"44.96","Beneficiary":90}', 74.00, '{"KPI Progress":"74.00","Survey":85}', 56.59, NOW(), NOW(), NOW()),
('7707b5cb5be9a3c0da6bbcc438f8bd9b', '7ce7a68e2fc214b71560291408f0c324', '2022-23', 80.65, '{"Q1":25,"Q2":25,"Q3":25,"Q4":25}', 80.43, '{"Physical":"80.43","Beneficiary":90}', 50.00, '{"KPI Progress":"50.00","Survey":85}', 68.32, NOW(), NOW(), NOW()),
('3a436bf3bf47144ceb2187da9986a820', '7ce7a68e2fc214b71560291408f0c324', '2023-24', 82.96, '{"Q1":25,"Q2":25,"Q3":25,"Q4":25}', 82.78, '{"Physical":"82.78","Beneficiary":90}', 62.00, '{"KPI Progress":"62.00","Survey":85}', 74.52, NOW(), NOW(), NOW()),
('3b3a8ea0860641aeb4c47f0671586670', '7ce7a68e2fc214b71560291408f0c324', '2024-25', 51.94, '{"Q1":25,"Q2":25,"Q3":25,"Q4":25}', 51.85, '{"Physical":"51.85","Beneficiary":90}', 74.00, '{"KPI Progress":"74.00","Survey":85}', 60.74, NOW(), NOW(), NOW()),
('b5006c81e197f91666d122e6e9e1af8d', 'c9ac412428ee5bfb1cec92ffa0699a42', '2022-23', 88.87, '{"Q1":25,"Q2":25,"Q3":25,"Q4":25}', 88.66, '{"Physical":"88.66","Beneficiary":90}', 50.00, '{"KPI Progress":"50.00","Survey":85}', 73.26, NOW(), NOW(), NOW()),
('4b904734ba83904ba4b7069f9a77e3c8', 'c9ac412428ee5bfb1cec92ffa0699a42', '2023-24', 82.65, '{"Q1":25,"Q2":25,"Q3":25,"Q4":25}', 82.56, '{"Physical":"82.56","Beneficiary":90}', 62.00, '{"KPI Progress":"62.00","Survey":85}', 74.36, NOW(), NOW(), NOW()),
('89e74e7083d516dadbfaeee1634ba259', 'c9ac412428ee5bfb1cec92ffa0699a42', '2024-25', 53.73, '{"Q1":25,"Q2":25,"Q3":25,"Q4":25}', 53.62, '{"Physical":"53.62","Beneficiary":90}', 74.00, '{"KPI Progress":"74.00","Survey":85}', 61.81, NOW(), NOW(), NOW()),
('56b366c383fae62336945ef01887eef2', 'bb86289bb6044f64959db45877971078', '2022-23', 86.81, '{"Q1":25,"Q2":25,"Q3":25,"Q4":25}', 86.40, '{"Physical":"86.40","Beneficiary":90}', 50.00, '{"KPI Progress":"50.00","Survey":85}', 71.96, NOW(), NOW(), NOW()),
('f33029943918d8b62f0ffeba1d5ea026', 'bb86289bb6044f64959db45877971078', '2023-24', 91.01, '{"Q1":25,"Q2":25,"Q3":25,"Q4":25}', 90.37, '{"Physical":"90.37","Beneficiary":90}', 62.00, '{"KPI Progress":"62.00","Survey":85}', 79.21, NOW(), NOW(), NOW()),
('9242b13b846317221b545f9fa6007a90', 'bb86289bb6044f64959db45877971078', '2024-25', 54.79, '{"Q1":25,"Q2":25,"Q3":25,"Q4":25}', 54.48, '{"Physical":"54.48","Beneficiary":90}', 74.00, '{"KPI Progress":"74.00","Survey":85}', 62.38, NOW(), NOW(), NOW()),
('d89507c3f847ae280b23cde5008af280', '1f5030cf73e9be0e0b34e4d153b9d099', '2022-23', 94.83, '{"Q1":25,"Q2":25,"Q3":25,"Q4":25}', 94.31, '{"Physical":"94.31","Beneficiary":90}', 50.00, '{"KPI Progress":"50.00","Survey":85}', 76.74, NOW(), NOW(), NOW()),
('63b5a08bc2e995a8c33001f4b29a5ced', '1f5030cf73e9be0e0b34e4d153b9d099', '2023-24', 87.90, '{"Q1":25,"Q2":25,"Q3":25,"Q4":25}', 87.22, '{"Physical":"87.22","Beneficiary":90}', 62.00, '{"KPI Progress":"62.00","Survey":85}', 77.34, NOW(), NOW(), NOW()),
('72f2af2766729633a8255da15c1d9730', '1f5030cf73e9be0e0b34e4d153b9d099', '2024-25', 51.05, '{"Q1":25,"Q2":25,"Q3":25,"Q4":25}', 50.35, '{"Physical":"50.35","Beneficiary":90}', 74.00, '{"KPI Progress":"74.00","Survey":85}', 60.02, NOW(), NOW(), NOW()),
('c645549d87d37af86c181861ece0af45', 'd4383d6ce7f27597cc127aebd7ef0cdc', '2022-23', 81.34, '{"Q1":25,"Q2":25,"Q3":25,"Q4":25}', 81.23, '{"Physical":"81.23","Beneficiary":90}', 50.00, '{"KPI Progress":"50.00","Survey":85}', 68.77, NOW(), NOW(), NOW()),
('5561c0fc46d33387296e51f4354f6ef4', 'd4383d6ce7f27597cc127aebd7ef0cdc', '2023-24', 85.80, '{"Q1":25,"Q2":25,"Q3":25,"Q4":25}', 85.75, '{"Physical":"85.75","Beneficiary":90}', 62.00, '{"KPI Progress":"62.00","Survey":85}', 76.27, NOW(), NOW(), NOW()),
('bd8d79103f8536af5426a72889b02092', 'd4383d6ce7f27597cc127aebd7ef0cdc', '2024-25', 47.84, '{"Q1":25,"Q2":25,"Q3":25,"Q4":25}', 47.83, '{"Physical":"47.83","Beneficiary":90}', 74.00, '{"KPI Progress":"74.00","Survey":85}', 58.30, NOW(), NOW(), NOW()),
('0f2307b0f33ef9b1fe4ad946d72876ba', 'bc28b7f853ce6e3d4a5e24809503f8d5', '2022-23', 85.20, '{"Q1":25,"Q2":25,"Q3":25,"Q4":25}', 84.77, '{"Physical":"84.77","Beneficiary":90}', 50.00, '{"KPI Progress":"50.00","Survey":85}', 70.99, NOW(), NOW(), NOW()),
('d1cfd10916c13f646a2d147a85c258c7', 'bc28b7f853ce6e3d4a5e24809503f8d5', '2023-24', 80.21, '{"Q1":25,"Q2":25,"Q3":25,"Q4":25}', 79.75, '{"Physical":"79.75","Beneficiary":90}', 62.00, '{"KPI Progress":"62.00","Survey":85}', 72.79, NOW(), NOW(), NOW()),
('84b17aefc362bc6f27c5ddf78cb20cf3', 'bc28b7f853ce6e3d4a5e24809503f8d5', '2024-25', 50.98, '{"Q1":25,"Q2":25,"Q3":25,"Q4":25}', 50.86, '{"Physical":"50.86","Beneficiary":90}', 74.00, '{"KPI Progress":"74.00","Survey":85}', 60.15, NOW(), NOW(), NOW()),
('d355fdac5c7fcc5a3cc884fe13c86a5a', '19d764499e69c3379eb55490ac4ead17', '2022-23', 85.99, '{"Q1":25,"Q2":25,"Q3":25,"Q4":25}', 85.96, '{"Physical":"85.96","Beneficiary":90}', 50.00, '{"KPI Progress":"50.00","Survey":85}', 71.59, NOW(), NOW(), NOW()),
('2092336352f78ae59571848a7bc1f459', '19d764499e69c3379eb55490ac4ead17', '2023-24', 89.85, '{"Q1":25,"Q2":25,"Q3":25,"Q4":25}', 89.76, '{"Physical":"89.76","Beneficiary":90}', 62.00, '{"KPI Progress":"62.00","Survey":85}', 78.68, NOW(), NOW(), NOW()),
('5b4233e12175903d10b6673ceb1b4849', '19d764499e69c3379eb55490ac4ead17', '2024-25', 51.99, '{"Q1":25,"Q2":25,"Q3":25,"Q4":25}', 51.89, '{"Physical":"51.89","Beneficiary":90}', 74.00, '{"KPI Progress":"74.00","Survey":85}', 60.76, NOW(), NOW(), NOW()),
('a70467f4a0095500e857422dfde10e93', '43fc5b15a67cdb34f78c409c394ce648', '2022-23', 81.54, '{"Q1":25,"Q2":25,"Q3":25,"Q4":25}', 81.37, '{"Physical":"81.37","Beneficiary":90}', 50.00, '{"KPI Progress":"50.00","Survey":85}', 68.87, NOW(), NOW(), NOW()),
('05ef37cc3a0314175d780ddaccaa9162', '43fc5b15a67cdb34f78c409c394ce648', '2023-24', 93.40, '{"Q1":25,"Q2":25,"Q3":25,"Q4":25}', 93.18, '{"Physical":"93.18","Beneficiary":90}', 62.00, '{"KPI Progress":"62.00","Survey":85}', 80.77, NOW(), NOW(), NOW()),
('f434df2e1706cf98061ccf897b390e28', '43fc5b15a67cdb34f78c409c394ce648', '2024-25', 50.21, '{"Q1":25,"Q2":25,"Q3":25,"Q4":25}', 50.00, '{"Physical":"50.00","Beneficiary":90}', 74.00, '{"KPI Progress":"74.00","Survey":85}', 59.66, NOW(), NOW(), NOW()),
('17e914b9e3ab87526dfecf3ec3422d38', '75b7f0fe4446d39799500d08a7910dfd', '2022-23', 85.53, '{"Q1":25,"Q2":25,"Q3":25,"Q4":25}', 85.52, '{"Physical":"85.52","Beneficiary":90}', 50.00, '{"KPI Progress":"50.00","Survey":85}', 71.32, NOW(), NOW(), NOW()),
('7de0ca367ba542a38d789eab397ce40d', '75b7f0fe4446d39799500d08a7910dfd', '2023-24', 80.15, '{"Q1":25,"Q2":25,"Q3":25,"Q4":25}', 80.07, '{"Physical":"80.07","Beneficiary":90}', 62.00, '{"KPI Progress":"62.00","Survey":85}', 72.87, NOW(), NOW(), NOW()),
('619aa6cca2b39e61332a9ab3024ff673', '75b7f0fe4446d39799500d08a7910dfd', '2024-25', 45.26, '{"Q1":25,"Q2":25,"Q3":25,"Q4":25}', 45.16, '{"Physical":"45.16","Beneficiary":90}', 74.00, '{"KPI Progress":"74.00","Survey":85}', 56.72, NOW(), NOW(), NOW()),
('fb677bb03a51cba6a0aeb93f1924364b', '316e484797a95efec5ad3c7daf5e3cdc', '2022-23', 83.12, '{"Q1":25,"Q2":25,"Q3":25,"Q4":25}', 83.11, '{"Physical":"83.11","Beneficiary":90}', 50.00, '{"KPI Progress":"50.00","Survey":85}', 69.87, NOW(), NOW(), NOW()),
('228349ee400e8cf05cfd3820e4bbfec6', '316e484797a95efec5ad3c7daf5e3cdc', '2023-24', 80.59, '{"Q1":25,"Q2":25,"Q3":25,"Q4":25}', 80.44, '{"Physical":"80.44","Beneficiary":90}', 62.00, '{"KPI Progress":"62.00","Survey":85}', 73.11, NOW(), NOW(), NOW()),
('35f2e0946388560132a04746b1e636f5', '316e484797a95efec5ad3c7daf5e3cdc', '2024-25', 47.42, '{"Q1":25,"Q2":25,"Q3":25,"Q4":25}', 47.31, '{"Physical":"47.31","Beneficiary":90}', 74.00, '{"KPI Progress":"74.00","Survey":85}', 58.02, NOW(), NOW(), NOW()),
('54ad595aefdbd786355214d49694aa66', 'bd9c0362cb64d35017a745762eb36acb', '2022-23', 84.24, '{"Q1":25,"Q2":25,"Q3":25,"Q4":25}', 83.89, '{"Physical":"83.89","Beneficiary":90}', 50.00, '{"KPI Progress":"50.00","Survey":85}', 70.44, NOW(), NOW(), NOW()),
('33057ccf4097dc469b6f3f44de5989f5', 'bd9c0362cb64d35017a745762eb36acb', '2023-24', 84.06, '{"Q1":25,"Q2":25,"Q3":25,"Q4":25}', 83.85, '{"Physical":"83.85","Beneficiary":90}', 62.00, '{"KPI Progress":"62.00","Survey":85}', 75.17, NOW(), NOW(), NOW()),
('987245771a295ca4f41059711a6e5af2', 'bd9c0362cb64d35017a745762eb36acb', '2024-25', 52.67, '{"Q1":25,"Q2":25,"Q3":25,"Q4":25}', 52.60, '{"Physical":"52.60","Beneficiary":90}', 74.00, '{"KPI Progress":"74.00","Survey":85}', 61.18, NOW(), NOW(), NOW()),
('259296109f7fe8290b2b620b035e5853', '70756344eafa098376516b52b004424e', '2022-23', 83.95, '{"Q1":25,"Q2":25,"Q3":25,"Q4":25}', 83.86, '{"Physical":"83.86","Beneficiary":90}', 50.00, '{"KPI Progress":"50.00","Survey":85}', 70.34, NOW(), NOW(), NOW()),
('0a101973c94ad0adf7e995c83f2ee4b2', '70756344eafa098376516b52b004424e', '2023-24', 86.83, '{"Q1":25,"Q2":25,"Q3":25,"Q4":25}', 86.70, '{"Physical":"86.70","Beneficiary":90}', 62.00, '{"KPI Progress":"62.00","Survey":85}', 76.86, NOW(), NOW(), NOW()),
('27a0c9dcba08cb8756827f9fa49993b9', '70756344eafa098376516b52b004424e', '2024-25', 49.07, '{"Q1":25,"Q2":25,"Q3":25,"Q4":25}', 49.07, '{"Physical":"49.07","Beneficiary":90}', 74.00, '{"KPI Progress":"74.00","Survey":85}', 59.04, NOW(), NOW(), NOW()),
('b0d2a8f6996f0e2c535a2cd1539ce9fb', '938eafa6ca62e2a56d053d652d855757', '2022-23', 90.48, '{"Q1":25,"Q2":25,"Q3":25,"Q4":25}', 90.47, '{"Physical":"90.47","Beneficiary":90}', 50.00, '{"KPI Progress":"50.00","Survey":85}', 74.28, NOW(), NOW(), NOW()),
('9c549a342118c15fd574b3a14c77a9d2', '938eafa6ca62e2a56d053d652d855757', '2023-24', 84.66, '{"Q1":25,"Q2":25,"Q3":25,"Q4":25}', 84.60, '{"Physical":"84.60","Beneficiary":90}', 62.00, '{"KPI Progress":"62.00","Survey":85}', 75.58, NOW(), NOW(), NOW()),
('866cf3ed9909defad374281604fcecea', '938eafa6ca62e2a56d053d652d855757', '2024-25', 46.30, '{"Q1":25,"Q2":25,"Q3":25,"Q4":25}', 46.22, '{"Physical":"46.22","Beneficiary":90}', 74.00, '{"KPI Progress":"74.00","Survey":85}', 57.36, NOW(), NOW(), NOW()),
('b0c8d5025b4b8ad90db1edc3ab410b1b', '56bacb895d09a6eb6ed329849bef351b', '2022-23', 82.24, '{"Q1":25,"Q2":25,"Q3":25,"Q4":25}', 81.75, '{"Physical":"81.75","Beneficiary":90}', 50.00, '{"KPI Progress":"50.00","Survey":85}', 69.20, NOW(), NOW(), NOW()),
('4343b33f5be1fad0da9fccf5a5c95aef', '56bacb895d09a6eb6ed329849bef351b', '2023-24', 80.31, '{"Q1":25,"Q2":25,"Q3":25,"Q4":25}', 79.73, '{"Physical":"79.73","Beneficiary":90}', 62.00, '{"KPI Progress":"62.00","Survey":85}', 72.81, NOW(), NOW(), NOW()),
('e2655afcee9dbadaf2340a662eb253f6', '56bacb895d09a6eb6ed329849bef351b', '2024-25', 46.60, '{"Q1":25,"Q2":25,"Q3":25,"Q4":25}', 46.54, '{"Physical":"46.54","Beneficiary":90}', 74.00, '{"KPI Progress":"74.00","Survey":85}', 57.54, NOW(), NOW(), NOW()),
('afb86be03c70080c701de67c3175aef3', '8d77c6e94d36a8a808dbb39651cc4f55', '2022-23', 94.08, '{"Q1":25,"Q2":25,"Q3":25,"Q4":25}', 93.90, '{"Physical":"93.90","Beneficiary":90}', 50.00, '{"KPI Progress":"50.00","Survey":85}', 76.39, NOW(), NOW(), NOW()),
('c5bcb872224808e7ff83964bf3b2a16f', '8d77c6e94d36a8a808dbb39651cc4f55', '2023-24', 94.14, '{"Q1":25,"Q2":25,"Q3":25,"Q4":25}', 94.10, '{"Physical":"94.10","Beneficiary":90}', 62.00, '{"KPI Progress":"62.00","Survey":85}', 81.27, NOW(), NOW(), NOW()),
('9eb4aa42bb95bd7581b5ffb4fb67f63f', '8d77c6e94d36a8a808dbb39651cc4f55', '2024-25', 52.87, '{"Q1":25,"Q2":25,"Q3":25,"Q4":25}', 52.74, '{"Physical":"52.74","Beneficiary":90}', 74.00, '{"KPI Progress":"74.00","Survey":85}', 61.28, NOW(), NOW(), NOW());

